Time,ECG1,ECG2
5:31:49.092,0.560,1.025
5:31:49.096,0.545,1.035
5:31:49.100,0.555,1.000
5:31:49.104,0.495,1.040
5:31:49.108,0.445,1.020
5:31:49.112,0.410,1.020
5:31:49.116,0.365,1.035
5:31:49.120,0.320,1.035
5:31:49.124,0.295,1.025
5:31:49.128,0.270,1.010
5:31:49.132,0.220,1.050
5:31:49.136,0.155,1.070
5:31:49.140,0.160,1.090
5:31:49.144,0.110,1.080
5:31:49.148,0.075,1.085
5:31:49.152,0.010,1.100
5:31:49.156,0.005,1.095
5:31:49.160,0.005,1.085
5:31:49.164,0.000,1.075
5:31:49.168,-0.035,1.065
5:31:49.172,-0.055,1.055
5:31:49.176,-0.050,1.030
5:31:49.180,-0.070,1.000
5:31:49.184,-0.040,1.020
5:31:49.188,-0.045,1.025
5:31:49.192,-0.070,1.005
5:31:49.196,-0.110,0.960
5:31:49.200,-0.060,0.970
5:31:49.204,-0.060,0.970
5:31:49.208,-0.070,0.950
5:31:49.212,-0.070,0.915
5:31:49.216,-0.055,0.930
5:31:49.220,-0.040,0.935
5:31:49.224,-0.030,0.905
5:31:49.228,0.005,0.895
5:31:49.232,-0.020,0.895
5:31:49.236,-0.015,0.870
5:31:49.240,-0.005,0.870
5:31:49.244,0.010,0.855
5:31:49.248,0.010,0.840
5:31:49.252,0.005,0.870
5:31:49.256,-0.005,0.830
5:31:49.260,-0.005,0.810
5:31:49.264,-0.010,0.805
5:31:49.268,0.000,0.795
5:31:49.272,-0.030,0.795
5:31:49.276,-0.115,0.795
5:31:49.280,-0.230,0.780
5:31:49.284,-0.275,0.780
5:31:49.288,-0.235,0.735
5:31:49.292,-0.080,0.685
5:31:49.296,0.165,0.545
5:31:49.300,0.455,0.315
5:31:49.304,0.450,0.215
5:31:49.308,0.400,0.235
5:31:49.312,0.585,0.330
5:31:49.316,0.755,0.500
5:31:49.320,0.370,0.880
5:31:49.324,-0.255,1.520
5:31:49.328,-0.775,1.825
5:31:49.332,-1.170,1.275
5:31:49.336,-1.345,0.285
5:31:49.340,-1.395,-0.330
5:31:49.344,-1.355,-0.535
5:31:49.348,-1.230,-0.425
5:31:49.352,-1.230,-0.210
5:31:49.356,-1.315,-0.055
5:31:49.360,-1.260,0.145
5:31:49.364,-1.085,0.310
5:31:49.368,-0.785,0.245
5:31:49.372,-0.530,0.220
5:31:49.376,-0.370,0.235
5:31:49.380,-0.260,0.390
5:31:49.384,-0.135,0.565
5:31:49.388,-0.035,0.625
5:31:49.392,-0.015,0.665
5:31:49.396,-0.055,0.695
5:31:49.400,-0.060,0.650
5:31:49.404,-0.055,0.645
5:31:49.408,-0.050,0.610
5:31:49.412,-0.035,0.585
5:31:49.416,-0.050,0.585
5:31:49.420,-0.075,0.570
5:31:49.424,-0.060,0.550
5:31:49.428,-0.060,0.570
5:31:49.432,-0.080,0.565
5:31:49.436,-0.055,0.525
5:31:49.440,-0.050,0.545
5:31:49.444,-0.065,0.530
5:31:49.448,-0.055,0.565
5:31:49.452,-0.060,0.560
5:31:49.456,-0.075,0.545
5:31:49.460,-0.065,0.510
5:31:49.464,-0.020,0.530
5:31:49.468,-0.020,0.510
5:31:49.472,0.005,0.510
5:31:49.476,0.000,0.555
5:31:49.480,-0.005,0.555
5:31:49.484,0.065,0.565
5:31:49.488,0.070,0.595
5:31:49.492,0.100,0.635
5:31:49.496,0.100,0.620
5:31:49.500,0.100,0.670
5:31:49.504,0.175,0.650
5:31:49.508,0.215,0.675
5:31:49.512,0.245,0.735
5:31:49.516,0.245,0.740
5:31:49.520,0.235,0.750
5:31:49.524,0.280,0.800
5:31:49.528,0.360,0.855
5:31:49.532,0.415,0.870
5:31:49.536,0.460,0.905
5:31:49.540,0.450,0.930
5:31:49.544,0.500,0.965
5:31:49.548,0.505,0.990
5:31:49.552,0.545,1.025
5:31:49.556,0.545,1.065
5:31:49.560,0.535,1.040
5:31:49.564,0.555,1.070
5:31:49.568,0.600,1.125
5:31:49.572,0.625,1.120
5:31:49.576,0.660,1.145
5:31:49.580,0.680,1.190
5:31:49.584,0.715,1.195
5:31:49.588,0.720,1.205
5:31:49.592,0.765,1.225
5:31:49.596,0.715,1.250
5:31:49.600,0.755,1.275
5:31:49.604,0.750,1.305
5:31:49.608,0.710,1.325
5:31:49.612,0.700,1.350
5:31:49.616,0.615,1.340
5:31:49.620,0.570,1.325
5:31:49.624,0.525,1.310
5:31:49.628,0.535,1.350
5:31:49.632,0.530,1.335
5:31:49.636,0.495,1.305
5:31:49.640,0.425,1.305
5:31:49.644,0.430,1.255
5:31:49.648,0.405,1.205
5:31:49.652,0.380,1.120
5:31:49.656,0.315,1.085
5:31:49.660,0.305,0.990
5:31:49.664,0.275,0.985
5:31:49.668,0.265,0.955
5:31:49.672,0.275,0.865
5:31:49.676,0.245,0.865
5:31:49.680,0.240,0.845
5:31:49.684,0.180,0.815
5:31:49.688,0.205,0.775
5:31:49.692,0.230,0.780
5:31:49.696,0.190,0.685
5:31:49.700,0.190,0.685
5:31:49.704,0.145,0.670
5:31:49.708,0.145,0.635
5:31:49.712,0.165,0.655
5:31:49.716,0.160,0.655
5:31:49.720,0.120,0.605
5:31:49.724,0.120,0.580
5:31:49.728,0.125,0.590
5:31:49.732,0.120,0.580
5:31:49.736,0.110,0.600
5:31:49.740,0.075,0.570
5:31:49.744,0.065,0.545
5:31:49.748,0.090,0.550
5:31:49.752,0.130,0.550
5:31:49.756,0.080,0.540
5:31:49.760,0.105,0.530
5:31:49.764,0.095,0.540
5:31:49.768,0.125,0.535
5:31:49.772,0.105,0.525
5:31:49.776,0.100,0.535
5:31:49.780,0.080,0.505
5:31:49.784,0.065,0.495
5:31:49.788,0.070,0.485
5:31:49.792,0.120,0.495
5:31:49.796,0.095,0.495
5:31:49.800,0.125,0.495
5:31:49.804,0.095,0.505
5:31:49.808,0.115,0.510
5:31:49.812,0.120,0.515
5:31:49.816,0.140,0.515
5:31:49.820,0.100,0.495
5:31:49.824,0.140,0.465
5:31:49.828,0.110,0.490
5:31:49.832,0.135,0.505
5:31:49.836,0.135,0.475
5:31:49.840,0.125,0.495
5:31:49.844,0.135,0.505
5:31:49.848,0.135,0.480
5:31:49.852,0.145,0.490
5:31:49.856,0.160,0.525
5:31:49.860,0.180,0.510
5:31:49.864,0.185,0.505
5:31:49.868,0.180,0.535
5:31:49.872,0.200,0.525
5:31:49.876,0.220,0.530
5:31:49.880,0.245,0.530
5:31:49.884,0.215,0.560
5:31:49.888,0.250,0.520
5:31:49.892,0.260,0.570
5:31:49.896,0.255,0.595
5:31:49.900,0.260,0.610
5:31:49.904,0.285,0.615
5:31:49.908,0.275,0.615
5:31:49.912,0.285,0.610
5:31:49.916,0.315,0.675
5:31:49.920,0.335,0.640
5:31:49.924,0.340,0.670
5:31:49.928,0.340,0.655
5:31:49.932,0.320,0.610
5:31:49.936,0.275,0.550
5:31:49.940,0.200,0.550
5:31:49.944,0.085,0.535
5:31:49.948,0.080,0.500
5:31:49.952,0.205,0.445
5:31:49.956,0.355,0.400
5:31:49.960,0.630,0.290
5:31:49.964,0.815,0.140
5:31:49.968,0.670,0.060
5:31:49.972,0.675,0.150
5:31:49.976,0.965,0.165
5:31:49.980,1.030,0.250
5:31:49.984,0.600,0.625
5:31:49.988,-0.040,1.030
5:31:49.992,-0.550,1.030
5:31:49.996,-0.875,0.265
5:31:50.000,-1.005,-0.550
5:31:50.004,-1.155,-1.010
5:31:50.008,-1.245,-1.100
5:31:50.012,-1.280,-1.050
5:31:50.016,-1.345,-0.990
5:31:50.020,-1.415,-0.890
5:31:50.024,-1.355,-0.780
5:31:50.028,-1.230,-0.595
5:31:50.032,-0.935,-0.500
5:31:50.036,-0.625,-0.370
5:31:50.040,-0.370,-0.225
5:31:50.044,-0.170,-0.010
5:31:50.048,-0.045,0.180
5:31:50.052,0.075,0.325
5:31:50.056,0.135,0.385
5:31:50.060,0.155,0.405
5:31:50.064,0.145,0.460
5:31:50.068,0.140,0.465
5:31:50.072,0.180,0.440
5:31:50.076,0.200,0.425
5:31:50.080,0.205,0.430
5:31:50.084,0.190,0.445
5:31:50.088,0.170,0.435
5:31:50.092,0.205,0.425
5:31:50.096,0.260,0.410
5:31:50.100,0.285,0.470
5:31:50.104,0.240,0.460
5:31:50.108,0.270,0.460
5:31:50.112,0.280,0.425
5:31:50.116,0.320,0.425
5:31:50.120,0.330,0.415
5:31:50.124,0.330,0.415
5:31:50.128,0.330,0.460
5:31:50.132,0.365,0.475
5:31:50.136,0.385,0.460
5:31:50.140,0.440,0.460
5:31:50.144,0.445,0.480
5:31:50.148,0.465,0.485
5:31:50.152,0.530,0.495
5:31:50.156,0.595,0.545
5:31:50.160,0.620,0.555
5:31:50.164,0.670,0.585
5:31:50.168,0.735,0.600
5:31:50.172,0.810,0.630
5:31:50.176,0.860,0.690
5:31:50.180,0.860,0.745
5:31:50.184,0.900,0.760
5:31:50.188,0.945,0.810
5:31:50.192,0.990,0.855
5:31:50.196,1.045,0.950
5:31:50.200,1.095,0.950
5:31:50.204,1.130,0.945
5:31:50.208,1.140,0.960
5:31:50.212,1.175,0.990
5:31:50.216,1.230,0.960
5:31:50.220,1.230,0.945
5:31:50.224,1.245,0.950
5:31:50.228,1.240,0.990
5:31:50.232,1.275,0.975
5:31:50.236,1.300,0.975
5:31:50.240,1.300,1.025
5:31:50.244,1.265,1.020
5:31:50.248,1.285,0.985
5:31:50.252,1.285,1.070
5:31:50.256,1.275,1.075
5:31:50.260,1.255,1.085
5:31:50.264,1.270,1.115
5:31:50.268,1.230,1.090
5:31:50.272,1.165,1.125
5:31:50.276,1.135,1.120
5:31:50.280,1.100,1.165
5:31:50.284,1.030,1.140
5:31:50.288,1.015,1.150
5:31:50.292,0.950,1.160
5:31:50.296,0.920,1.150
5:31:50.300,0.885,1.130
5:31:50.304,0.810,1.120
5:31:50.308,0.750,1.080
5:31:50.312,0.690,1.055
5:31:50.316,0.705,1.055
5:31:50.320,0.685,1.015
5:31:50.324,0.635,0.980
5:31:50.328,0.575,0.975
5:31:50.332,0.540,0.955
5:31:50.336,0.530,0.920
5:31:50.340,0.530,0.885
5:31:50.344,0.490,0.875
5:31:50.348,0.470,0.825
5:31:50.352,0.445,0.805
5:31:50.356,0.475,0.785
5:31:50.360,0.465,0.775
5:31:50.364,0.455,0.760
5:31:50.368,0.475,0.750
5:31:50.372,0.475,0.720
5:31:50.376,0.480,0.715
5:31:50.380,0.470,0.690
5:31:50.384,0.495,0.660
5:31:50.388,0.450,0.675
5:31:50.392,0.455,0.625
5:31:50.396,0.470,0.640
5:31:50.400,0.470,0.605
5:31:50.404,0.470,0.625
5:31:50.408,0.480,0.610
5:31:50.412,0.485,0.615
5:31:50.416,0.485,0.600
5:31:50.420,0.490,0.635
5:31:50.424,0.480,0.595
5:31:50.428,0.490,0.570
5:31:50.432,0.500,0.570
5:31:50.436,0.510,0.530
5:31:50.440,0.530,0.545
5:31:50.444,0.560,0.565
5:31:50.448,0.505,0.595
5:31:50.452,0.465,0.590
5:31:50.456,0.460,0.620
5:31:50.460,0.505,0.590
5:31:50.464,0.555,0.615
5:31:50.468,0.575,0.580
5:31:50.472,0.575,0.625
5:31:50.476,0.575,0.600
5:31:50.480,0.590,0.590
5:31:50.484,0.610,0.540
5:31:50.488,0.605,0.555
5:31:50.492,0.570,0.530
5:31:50.496,0.560,0.515
5:31:50.500,0.550,0.500
5:31:50.504,0.535,0.440
5:31:50.508,0.525,0.435
5:31:50.512,0.530,0.485
5:31:50.516,0.545,0.510
5:31:50.520,0.520,0.455
5:31:50.524,0.545,0.445
5:31:50.528,0.525,0.450
5:31:50.532,0.525,0.445
5:31:50.536,0.500,0.425
5:31:50.540,0.500,0.470
5:31:50.544,0.480,0.465
5:31:50.548,0.490,0.435
5:31:50.552,0.465,0.410
5:31:50.556,0.440,0.400
5:31:50.560,0.455,0.395
5:31:50.564,0.490,0.430
5:31:50.568,0.480,0.370
5:31:50.572,0.435,0.425
5:31:50.576,0.425,0.415
5:31:50.580,0.415,0.410
5:31:50.584,0.355,0.400
5:31:50.588,0.240,0.405
5:31:50.592,0.180,0.405
5:31:50.596,0.250,0.405
5:31:50.600,0.405,0.360
5:31:50.604,0.640,0.230
5:31:50.608,0.885,0.060
5:31:50.612,0.780,-0.065
5:31:50.616,0.610,0.025
5:31:50.620,0.765,0.070
5:31:50.624,0.790,0.085
5:31:50.628,0.405,0.355
5:31:50.632,-0.005,0.720
5:31:50.636,-0.390,0.845
5:31:50.640,-0.685,0.300
5:31:50.644,-0.830,-0.565
5:31:50.648,-1.000,-1.085
5:31:50.652,-1.160,-1.200
5:31:50.656,-1.165,-1.115
5:31:50.660,-1.190,-0.920
5:31:50.664,-1.265,-0.805
5:31:50.668,-1.220,-0.620
5:31:50.672,-1.095,-0.450
5:31:50.676,-0.820,-0.295
5:31:50.680,-0.445,-0.195
5:31:50.684,-0.130,-0.135
5:31:50.688,0.065,0.030
5:31:50.692,0.195,0.225
5:31:50.696,0.325,0.350
5:31:50.700,0.380,0.395
5:31:50.704,0.420,0.420
5:31:50.708,0.445,0.520
5:31:50.712,0.430,0.530
5:31:50.716,0.440,0.540
5:31:50.720,0.450,0.535
5:31:50.724,0.505,0.570
5:31:50.728,0.545,0.540
5:31:50.732,0.565,0.515
5:31:50.736,0.550,0.555
5:31:50.740,0.600,0.520
5:31:50.744,0.590,0.490
5:31:50.748,0.645,0.420
5:31:50.752,0.595,0.425
5:31:50.756,0.565,0.420
5:31:50.760,0.575,0.395
5:31:50.764,0.625,0.370
5:31:50.768,0.665,0.355
5:31:50.772,0.675,0.360
5:31:50.776,0.655,0.360
5:31:50.780,0.610,0.410
5:31:50.784,0.675,0.395
5:31:50.788,0.680,0.350
5:31:50.792,0.700,0.345
5:31:50.796,0.665,0.385
5:31:50.800,0.650,0.410
5:31:50.804,0.700,0.440
5:31:50.808,0.725,0.415
5:31:50.812,0.720,0.430
5:31:50.816,0.745,0.475
5:31:50.820,0.760,0.455
5:31:50.824,0.805,0.510
5:31:50.828,0.845,0.535
5:31:50.832,0.880,0.550
5:31:50.836,0.845,0.575
5:31:50.840,0.895,0.590
5:31:50.844,0.940,0.625
5:31:50.848,0.990,0.645
5:31:50.852,0.965,0.700
5:31:50.856,1.015,0.690
5:31:50.860,0.975,0.690
5:31:50.864,0.990,0.720
5:31:50.868,1.035,0.735
5:31:50.872,1.070,0.785
5:31:50.876,1.060,0.815
5:31:50.880,1.065,0.820
5:31:50.884,1.115,0.865
5:31:50.888,1.130,0.895
5:31:50.892,1.155,0.890
5:31:50.896,1.125,0.935
5:31:50.900,1.105,0.955
5:31:50.904,1.100,1.010
5:31:50.908,1.090,1.050
5:31:50.912,1.120,1.010
5:31:50.916,1.110,1.040
5:31:50.920,1.065,1.055
5:31:50.924,1.035,1.105
5:31:50.928,1.030,1.100
5:31:50.932,1.010,1.115
5:31:50.936,0.970,1.120
5:31:50.940,0.930,1.075
5:31:50.944,0.920,1.085
5:31:50.948,0.910,1.040
5:31:50.952,0.860,1.005
5:31:50.956,0.830,1.020
5:31:50.960,0.780,1.035
5:31:50.964,0.750,1.040
5:31:50.968,0.745,0.995
5:31:50.972,0.680,1.000
5:31:50.976,0.635,0.970
5:31:50.980,0.640,0.950
5:31:50.984,0.690,0.935
5:31:50.988,0.715,0.900
5:31:50.992,0.685,0.915
5:31:50.996,0.670,0.860
5:31:51.000,0.670,0.815
5:31:51.004,0.670,0.750
5:31:51.008,0.660,0.690
5:31:51.012,0.635,0.700
5:31:51.016,0.625,0.670
5:31:51.020,0.605,0.655
5:31:51.024,0.630,0.615
5:31:51.028,0.595,0.570
5:31:51.032,0.615,0.565
5:31:51.036,0.595,0.540
5:31:51.040,0.545,0.530
5:31:51.044,0.560,0.525
5:31:51.048,0.560,0.515
5:31:51.052,0.540,0.525
5:31:51.056,0.545,0.505
5:31:51.060,0.515,0.480
5:31:51.064,0.510,0.505
5:31:51.068,0.485,0.470
5:31:51.072,0.490,0.465
5:31:51.076,0.480,0.475
5:31:51.080,0.465,0.465
5:31:51.084,0.460,0.480
5:31:51.088,0.470,0.475
5:31:51.092,0.445,0.435
5:31:51.096,0.450,0.430
5:31:51.100,0.435,0.415
5:31:51.104,0.465,0.410
5:31:51.108,0.450,0.400
5:31:51.112,0.425,0.425
5:31:51.116,0.405,0.440
5:31:51.120,0.410,0.420
5:31:51.124,0.405,0.410
5:31:51.128,0.400,0.455
5:31:51.132,0.425,0.430
5:31:51.136,0.450,0.425
5:31:51.140,0.430,0.430
5:31:51.144,0.395,0.415
5:31:51.148,0.435,0.390
5:31:51.152,0.435,0.380
5:31:51.156,0.440,0.355
5:31:51.160,0.400,0.380
5:31:51.164,0.415,0.365
5:31:51.168,0.425,0.355
5:31:51.172,0.470,0.355
5:31:51.176,0.420,0.355
5:31:51.180,0.275,0.375
5:31:51.184,0.170,0.360
5:31:51.188,0.160,0.360
5:31:51.192,0.255,0.265
5:31:51.196,0.365,0.170
5:31:51.200,0.560,0.060
5:31:51.204,0.695,-0.130
5:31:51.208,0.565,-0.235
5:31:51.212,0.340,-0.090
5:31:51.216,0.420,-0.070
5:31:51.220,0.430,0.000
5:31:51.224,0.125,0.350
5:31:51.228,-0.205,0.790
5:31:51.232,-0.490,0.995
5:31:51.236,-0.760,0.535
5:31:51.240,-0.955,-0.395
5:31:51.244,-1.095,-0.975
5:31:51.248,-1.235,-1.120
5:31:51.252,-1.340,-0.975
5:31:51.256,-1.345,-0.815
5:31:51.260,-1.400,-0.675
5:31:51.264,-1.300,-0.495
5:31:51.268,-1.070,-0.270
5:31:51.272,-0.740,-0.150
5:31:51.276,-0.390,-0.175
5:31:51.280,-0.090,-0.150
5:31:51.284,0.130,-0.045
5:31:51.288,0.270,0.145
5:31:51.292,0.415,0.285
5:31:51.296,0.490,0.340
5:31:51.300,0.510,0.350
5:31:51.304,0.490,0.395
5:31:51.308,0.510,0.400
5:31:51.312,0.550,0.405
5:31:51.316,0.535,0.380
5:31:51.320,0.535,0.360
5:31:51.324,0.535,0.405
5:31:51.328,0.555,0.365
5:31:51.332,0.545,0.365
5:31:51.336,0.550,0.380
5:31:51.340,0.555,0.410
5:31:51.344,0.530,0.375
5:31:51.348,0.540,0.370
5:31:51.352,0.555,0.340
5:31:51.356,0.615,0.335
5:31:51.360,0.595,0.350
5:31:51.364,0.620,0.340
5:31:51.368,0.620,0.350
5:31:51.372,0.635,0.365
5:31:51.376,0.675,0.355
5:31:51.380,0.710,0.375
5:31:51.384,0.730,0.360
5:31:51.388,0.765,0.390
5:31:51.392,0.795,0.410
5:31:51.396,0.810,0.440
5:31:51.400,0.880,0.455
5:31:51.404,0.870,0.470
5:31:51.408,0.895,0.475
5:31:51.412,0.945,0.480
5:31:51.416,1.020,0.485
5:31:51.420,1.080,0.520
5:31:51.424,1.130,0.550
5:31:51.428,1.175,0.580
5:31:51.432,1.195,0.615
5:31:51.436,1.250,0.660
5:31:51.440,1.285,0.700
5:31:51.444,1.345,0.715
5:31:51.448,1.390,0.750
5:31:51.452,1.400,0.760
5:31:51.456,1.435,0.810
5:31:51.460,1.460,0.830
5:31:51.464,1.475,0.850
5:31:51.468,1.455,0.855
5:31:51.472,1.485,0.890
5:31:51.476,1.530,0.905
5:31:51.480,1.570,0.915
5:31:51.484,1.595,0.960
5:31:51.488,1.575,1.070
5:31:51.492,1.610,1.080
5:31:51.496,1.615,1.125
5:31:51.500,1.575,1.120
5:31:51.504,1.545,1.185
5:31:51.508,1.530,1.195
5:31:51.512,1.485,1.155
5:31:51.516,1.460,1.170
5:31:51.520,1.435,1.165
5:31:51.524,1.340,1.190
5:31:51.528,1.285,1.140
5:31:51.532,1.235,1.075
5:31:51.536,1.185,1.070
5:31:51.540,1.140,1.055
5:31:51.544,1.065,1.035
5:31:51.548,1.015,1.005
5:31:51.552,0.980,0.980
5:31:51.556,0.960,0.950
5:31:51.560,0.930,0.880
5:31:51.564,0.895,0.810
5:31:51.568,0.855,0.810
5:31:51.572,0.800,0.780
5:31:51.576,0.770,0.735
5:31:51.580,0.730,0.715
5:31:51.584,0.710,0.685
5:31:51.588,0.715,0.685
5:31:51.592,0.715,0.635
5:31:51.596,0.735,0.620
5:31:51.600,0.715,0.625
5:31:51.604,0.675,0.565
5:31:51.608,0.670,0.565
5:31:51.612,0.650,0.550
5:31:51.616,0.670,0.525
5:31:51.620,0.655,0.520
5:31:51.624,0.635,0.480
5:31:51.628,0.610,0.470
5:31:51.632,0.610,0.495
5:31:51.636,0.620,0.470
5:31:51.640,0.660,0.475
5:31:51.644,0.640,0.465
5:31:51.648,0.585,0.480
5:31:51.652,0.580,0.430
5:31:51.656,0.590,0.455
5:31:51.660,0.595,0.435
5:31:51.664,0.565,0.440
5:31:51.668,0.565,0.405
5:31:51.672,0.565,0.380
5:31:51.676,0.565,0.375
5:31:51.680,0.545,0.390
5:31:51.684,0.550,0.410
5:31:51.688,0.510,0.380
5:31:51.692,0.500,0.395
5:31:51.696,0.500,0.405
5:31:51.700,0.545,0.405
5:31:51.704,0.530,0.385
5:31:51.708,0.515,0.390
5:31:51.712,0.505,0.395
5:31:51.716,0.515,0.415
5:31:51.720,0.535,0.420
5:31:51.724,0.540,0.395
5:31:51.728,0.545,0.395
5:31:51.732,0.540,0.415
5:31:51.736,0.535,0.435
5:31:51.740,0.550,0.460
5:31:51.744,0.540,0.435
5:31:51.748,0.545,0.445
5:31:51.752,0.530,0.435
5:31:51.756,0.535,0.450
5:31:51.760,0.540,0.450
5:31:51.764,0.545,0.470
5:31:51.768,0.500,0.465
5:31:51.772,0.520,0.435
5:31:51.776,0.500,0.455
5:31:51.780,0.535,0.440
5:31:51.784,0.545,0.455
5:31:51.788,0.530,0.455
5:31:51.792,0.545,0.460
5:31:51.796,0.550,0.475
5:31:51.800,0.560,0.410
5:31:51.804,0.570,0.405
5:31:51.808,0.595,0.370
5:31:51.812,0.575,0.405
5:31:51.816,0.575,0.355
5:31:51.820,0.555,0.365
5:31:51.824,0.560,0.360
5:31:51.828,0.550,0.360
5:31:51.832,0.535,0.365
5:31:51.836,0.520,0.350
5:31:51.840,0.520,0.335
5:31:51.844,0.530,0.330
5:31:51.848,0.525,0.340
5:31:51.852,0.495,0.350
5:31:51.856,0.475,0.370
5:31:51.860,0.480,0.380
5:31:51.864,0.490,0.355
5:31:51.868,0.485,0.375
5:31:51.872,0.480,0.345
5:31:51.876,0.460,0.345
5:31:51.880,0.475,0.345
5:31:51.884,0.455,0.355
5:31:51.888,0.470,0.360
5:31:51.892,0.425,0.370
5:31:51.896,0.420,0.375
5:31:51.900,0.425,0.405
5:31:51.904,0.450,0.380
5:31:51.908,0.435,0.385
5:31:51.912,0.395,0.370
5:31:51.916,0.410,0.345
5:31:51.920,0.405,0.370
5:31:51.924,0.430,0.365
5:31:51.928,0.430,0.370
5:31:51.932,0.395,0.365
5:31:51.936,0.325,0.340
5:31:51.940,0.170,0.345
5:31:51.944,0.020,0.360
5:31:51.948,0.005,0.400
5:31:51.952,0.070,0.405
5:31:51.956,0.225,0.365
5:31:51.960,0.475,0.325
5:31:51.964,0.785,0.160
5:31:51.968,0.830,0.075
5:31:51.972,0.820,0.085
5:31:51.976,1.090,0.030
5:31:51.980,1.345,-0.080
5:31:51.984,1.210,0.015
5:31:51.988,0.755,0.305
5:31:51.992,-0.090,0.605
5:31:51.996,-0.805,0.455
5:31:52.000,-1.215,-0.315
5:31:52.004,-1.425,-0.850
5:31:52.008,-1.460,-1.035
5:31:52.012,-1.485,-0.960
5:31:52.016,-1.495,-0.730
5:31:52.020,-1.510,-0.545
5:31:52.024,-1.420,-0.465
5:31:52.028,-1.270,-0.270
5:31:52.032,-1.060,-0.140
5:31:52.036,-0.745,-0.100
5:31:52.040,-0.400,-0.145
5:31:52.044,-0.155,-0.115
5:31:52.048,0.045,0.105
5:31:52.052,0.185,0.250
5:31:52.056,0.260,0.320
5:31:52.060,0.265,0.425
5:31:52.064,0.290,0.485
5:31:52.068,0.275,0.480
5:31:52.072,0.305,0.470
5:31:52.076,0.275,0.480
5:31:52.080,0.280,0.455
5:31:52.084,0.295,0.485
5:31:52.088,0.335,0.470
5:31:52.092,0.390,0.450
5:31:52.096,0.360,0.440
5:31:52.100,0.360,0.395
5:31:52.104,0.375,0.360
5:31:52.108,0.390,0.355
5:31:52.112,0.390,0.370
5:31:52.116,0.400,0.335
5:31:52.120,0.435,0.330
5:31:52.124,0.455,0.295
5:31:52.128,0.470,0.285
5:31:52.132,0.500,0.275
5:31:52.136,0.480,0.290
5:31:52.140,0.475,0.230
5:31:52.144,0.490,0.260
5:31:52.148,0.510,0.270
5:31:52.152,0.490,0.260
5:31:52.156,0.540,0.280
5:31:52.160,0.565,0.285
5:31:52.164,0.585,0.310
5:31:52.168,0.610,0.265
5:31:52.172,0.650,0.290
5:31:52.176,0.710,0.335
5:31:52.180,0.735,0.345
5:31:52.184,0.750,0.380
5:31:52.188,0.770,0.390
5:31:52.192,0.830,0.375
5:31:52.196,0.870,0.420
5:31:52.200,0.865,0.435
5:31:52.204,0.880,0.465
5:31:52.208,0.930,0.465
5:31:52.212,0.945,0.505
5:31:52.216,0.985,0.490
5:31:52.220,0.990,0.490
5:31:52.224,0.970,0.530
5:31:52.228,1.000,0.580
5:31:52.232,1.015,0.600
5:31:52.236,1.040,0.600
5:31:52.240,1.030,0.620
5:31:52.244,1.015,0.650
5:31:52.248,1.030,0.630
5:31:52.252,1.000,0.690
5:31:52.256,1.025,0.745
5:31:52.260,0.970,0.785
5:31:52.264,0.955,0.810
5:31:52.268,0.935,0.790
5:31:52.272,0.940,0.835
5:31:52.276,0.915,0.825
5:31:52.280,0.870,0.775
5:31:52.284,0.805,0.770
5:31:52.288,0.755,0.825
5:31:52.292,0.725,0.850
5:31:52.296,0.670,0.885
5:31:52.300,0.655,0.895
5:31:52.304,0.595,0.875
5:31:52.308,0.575,0.915
5:31:52.312,0.520,0.945
5:31:52.316,0.500,0.940
5:31:52.320,0.475,0.950
5:31:52.324,0.455,0.940
5:31:52.328,0.450,0.950
5:31:52.332,0.440,0.925
5:31:52.336,0.370,0.955
5:31:52.340,0.340,0.935
5:31:52.344,0.335,0.965
5:31:52.348,0.295,0.915
5:31:52.352,0.315,0.890
5:31:52.356,0.325,0.845
5:31:52.360,0.290,0.875
5:31:52.364,0.270,0.840
5:31:52.368,0.275,0.835
5:31:52.372,0.330,0.880
5:31:52.376,0.320,0.860
5:31:52.380,0.315,0.840
5:31:52.384,0.345,0.795
5:31:52.388,0.310,0.740
5:31:52.392,0.315,0.690
5:31:52.396,0.285,0.680
5:31:52.400,0.205,0.680
5:31:52.404,0.190,0.650
5:31:52.408,0.225,0.600
5:31:52.412,0.195,0.580
5:31:52.416,0.200,0.550
5:31:52.420,0.130,0.535
5:31:52.424,0.170,0.535
5:31:52.428,0.230,0.520
5:31:52.432,0.165,0.510
5:31:52.436,0.115,0.495
5:31:52.440,0.095,0.435
5:31:52.444,0.065,0.455
5:31:52.448,0.040,0.435
5:31:52.452,0.030,0.445
5:31:52.456,0.010,0.435
5:31:52.460,0.000,0.455
5:31:52.464,-0.030,0.420
5:31:52.468,-0.070,0.415
5:31:52.472,-0.025,0.415
5:31:52.476,-0.040,0.415
5:31:52.480,-0.040,0.410
5:31:52.484,-0.040,0.395
5:31:52.488,-0.035,0.415
5:31:52.492,-0.090,0.390
5:31:52.496,-0.115,0.375
5:31:52.500,-0.095,0.395
5:31:52.504,-0.125,0.450
5:31:52.508,-0.140,0.395
5:31:52.512,-0.140,0.350
5:31:52.516,-0.100,0.375
5:31:52.520,-0.075,0.350
5:31:52.524,-0.090,0.340
5:31:52.528,-0.140,0.360
5:31:52.532,-0.155,0.365
5:31:52.536,-0.135,0.375
5:31:52.540,-0.135,0.420
5:31:52.544,-0.165,0.375
5:31:52.548,-0.160,0.410
5:31:52.552,-0.160,0.345
5:31:52.556,-0.175,0.360
5:31:52.560,-0.185,0.370
5:31:52.564,-0.195,0.380
5:31:52.568,-0.155,0.370
5:31:52.572,-0.150,0.405
5:31:52.576,-0.105,0.420
5:31:52.580,-0.120,0.435
5:31:52.584,-0.160,0.430
5:31:52.588,-0.165,0.420
5:31:52.592,-0.125,0.445
5:31:52.596,-0.090,0.420
5:31:52.600,-0.155,0.425
5:31:52.604,-0.150,0.435
5:31:52.608,-0.160,0.435
5:31:52.612,-0.170,0.450
5:31:52.616,-0.160,0.435
5:31:52.620,-0.150,0.460
5:31:52.624,-0.185,0.450
5:31:52.628,-0.175,0.475
5:31:52.632,-0.145,0.520
5:31:52.636,-0.105,0.475
5:31:52.640,-0.110,0.445
5:31:52.644,-0.160,0.470
5:31:52.648,-0.230,0.470
5:31:52.652,-0.275,0.475
5:31:52.656,-0.375,0.410
5:31:52.660,-0.325,0.465
5:31:52.664,-0.195,0.500
5:31:52.668,-0.010,0.465
5:31:52.672,0.350,0.340
5:31:52.676,0.450,0.140
5:31:52.680,0.270,0.140
5:31:52.684,0.310,0.170
5:31:52.688,0.620,0.090
5:31:52.692,0.645,0.030
5:31:52.696,0.285,0.240
5:31:52.700,-0.430,0.545
5:31:52.704,-1.265,0.620
5:31:52.708,-1.785,0.020
5:31:52.712,-1.960,-0.600
5:31:52.716,-2.100,-0.960
5:31:52.720,-2.205,-1.030
5:31:52.724,-2.195,-0.845
5:31:52.728,-2.155,-0.695
5:31:52.732,-2.165,-0.600
5:31:52.736,-2.055,-0.465
5:31:52.740,-1.895,-0.360
5:31:52.744,-1.635,-0.260
5:31:52.748,-1.350,-0.240
5:31:52.752,-1.070,-0.230
5:31:52.756,-0.900,-0.070
5:31:52.760,-0.780,0.130
5:31:52.764,-0.680,0.270
5:31:52.768,-0.675,0.310
5:31:52.772,-0.670,0.370
5:31:52.776,-0.720,0.425
5:31:52.780,-0.770,0.405
5:31:52.784,-0.845,0.420
5:31:52.788,-0.895,0.435
5:31:52.792,-0.985,0.410
5:31:52.796,-1.050,0.385
5:31:52.800,-1.110,0.365
5:31:52.804,-1.140,0.410
5:31:52.808,-1.255,0.395
5:31:52.812,-1.390,0.410
5:31:52.816,-1.450,0.420
5:31:52.820,-1.450,0.385
5:31:52.824,-1.445,0.400
5:31:52.828,-1.510,0.440
5:31:52.832,-1.595,0.505
5:31:52.836,-1.660,0.445
5:31:52.840,-1.735,0.330
5:31:52.844,-1.850,0.355
5:31:52.848,-1.930,0.415
5:31:52.852,-2.000,0.405
5:31:52.856,-2.115,0.435
5:31:52.860,-2.195,0.480
5:31:52.864,-2.185,0.440
5:31:52.868,-2.255,0.460
5:31:52.872,-2.335,0.475
5:31:52.876,-2.410,0.505
5:31:52.880,-2.465,0.540
5:31:52.884,-2.520,0.545
5:31:52.888,-2.545,0.570
5:31:52.892,-2.645,0.615
5:31:52.896,-2.665,0.595
5:31:52.900,-2.680,0.525
5:31:52.904,-2.650,0.570
5:31:52.908,-2.640,0.585
5:31:52.912,-2.685,0.650
5:31:52.916,-2.700,0.640
5:31:52.920,-2.730,0.665
5:31:52.924,-2.690,0.635
5:31:52.928,-2.705,0.610
5:31:52.932,-2.700,0.600
5:31:52.936,-2.755,0.620
5:31:52.940,-2.760,0.615
5:31:52.944,-2.770,0.655
5:31:52.948,-2.770,0.620
5:31:52.952,-2.770,0.590
5:31:52.956,-2.785,0.575
5:31:52.960,-2.805,0.630
5:31:52.964,-2.870,0.645
5:31:52.968,-2.920,0.685
5:31:52.972,-2.935,0.695
5:31:52.976,-2.955,0.710
5:31:52.980,-3.000,0.755
5:31:52.984,-3.080,0.745
5:31:52.988,-3.135,0.775
5:31:52.992,-3.185,0.825
5:31:52.996,-3.270,0.855
5:31:53.000,-3.385,0.815
5:31:53.004,-3.400,0.840
5:31:53.008,-3.475,0.870
5:31:53.012,-3.550,0.925
5:31:53.016,-3.565,0.895
5:31:53.020,-3.610,0.885
5:31:53.024,-3.645,0.865
5:31:53.028,-3.655,0.890
5:31:53.032,-3.655,0.910
5:31:53.036,-3.785,0.925
5:31:53.040,-3.860,0.905
5:31:53.044,-3.870,0.890
5:31:53.048,-3.860,0.905
5:31:53.052,-3.845,0.880
5:31:53.056,-3.855,0.865
5:31:53.060,-3.885,0.850
5:31:53.064,-3.865,0.835
5:31:53.068,-3.885,0.800
5:31:53.072,-3.880,0.810
5:31:53.076,-3.850,0.820
5:31:53.080,-3.875,0.830
5:31:53.084,-3.960,0.745
5:31:53.088,-3.910,0.755
5:31:53.092,-3.930,0.725
5:31:53.096,-3.860,0.705
5:31:53.100,-3.870,0.720
5:31:53.104,-3.855,0.740
5:31:53.108,-3.905,0.740
5:31:53.112,-3.850,0.705
5:31:53.116,-3.855,0.690
5:31:53.120,-3.915,0.700
5:31:53.124,-3.875,0.675
5:31:53.128,-3.825,0.635
5:31:53.132,-3.790,0.640
5:31:53.136,-3.810,0.605
5:31:53.140,-3.760,0.610
5:31:53.144,-3.805,0.640
5:31:53.148,-3.790,0.635
5:31:53.152,-3.755,0.655
5:31:53.156,-3.675,0.635
5:31:53.160,-3.695,0.610
5:31:53.164,-3.745,0.580
5:31:53.168,-3.730,0.585
5:31:53.172,-3.715,0.620
5:31:53.176,-3.690,0.615
5:31:53.180,-3.635,0.605
5:31:53.184,-3.670,0.605
5:31:53.188,-3.675,0.660
5:31:53.192,-3.685,0.640
5:31:53.196,-3.600,0.615
5:31:53.200,-3.575,0.540
5:31:53.204,-3.610,0.545
5:31:53.208,-3.670,0.530
5:31:53.212,-3.635,0.565
5:31:53.216,-3.640,0.515
5:31:53.220,-3.665,0.540
5:31:53.224,-3.685,0.535
5:31:53.228,-3.645,0.480
5:31:53.232,-3.600,0.455
5:31:53.236,-3.610,0.505
5:31:53.240,-3.670,0.530
5:31:53.244,-3.655,0.510
5:31:53.248,-3.670,0.450
5:31:53.252,-3.650,0.510
5:31:53.256,-3.645,0.555
5:31:53.260,-3.680,0.515
5:31:53.264,-3.660,0.525
5:31:53.268,-3.635,0.540
5:31:53.272,-3.650,0.535
5:31:53.276,-3.635,0.495
5:31:53.280,-3.580,0.475
5:31:53.284,-3.640,0.505
5:31:53.288,-3.665,0.550
5:31:53.292,-3.655,0.515
5:31:53.296,-3.640,0.515
5:31:53.300,-3.610,0.515
5:31:53.304,-3.585,0.540
5:31:53.308,-3.580,0.490
5:31:53.312,-3.570,0.485
5:31:53.316,-3.605,0.530
5:31:53.320,-3.590,0.510
5:31:53.324,-3.615,0.500
5:31:53.328,-3.605,0.480
5:31:53.332,-3.615,0.455
5:31:53.336,-3.600,0.485
5:31:53.340,-3.550,0.455
5:31:53.344,-3.540,0.455
5:31:53.348,-3.575,0.465
5:31:53.352,-3.550,0.490
5:31:53.356,-3.550,0.465
5:31:53.360,-3.545,0.470
5:31:53.364,-3.555,0.510
5:31:53.368,-3.550,0.500
5:31:53.372,-3.540,0.510
5:31:53.376,-3.525,0.450
5:31:53.380,-3.465,0.455
5:31:53.384,-3.455,0.495
5:31:53.388,-3.485,0.550
5:31:53.392,-3.515,0.490
5:31:53.396,-3.495,0.520
5:31:53.400,-3.585,0.520
5:31:53.404,-3.685,0.565
5:31:53.408,-3.690,0.580
5:31:53.412,-3.535,0.560
5:31:53.416,-3.305,0.505
5:31:53.420,-2.900,0.420
5:31:53.424,-2.595,0.260
5:31:53.428,-2.760,0.235
5:31:53.432,-2.885,0.295
5:31:53.436,-2.565,0.250
5:31:53.440,-2.455,0.225
5:31:53.444,-2.730,0.515
5:31:53.448,-3.350,0.795
5:31:53.452,-4.105,0.795
5:31:53.456,-4.400,0.180
5:31:53.460,-4.385,-0.395
5:31:53.464,-4.485,-0.720
5:31:53.468,-4.540,-0.725
5:31:53.472,-4.515,-0.615
5:31:53.476,-4.435,-0.495
5:31:53.480,-4.420,-0.415
5:31:53.484,-4.365,-0.325
5:31:53.488,-4.265,-0.110
5:31:53.492,-3.875,-0.085
5:31:53.496,-3.535,-0.145
5:31:53.500,-3.245,-0.130
5:31:53.504,-3.000,0.045
5:31:53.508,-2.855,0.210
5:31:53.512,-2.780,0.315
5:31:53.516,-2.770,0.370
5:31:53.520,-2.625,0.380
5:31:53.524,-2.525,0.400
5:31:53.528,-2.525,0.380
5:31:53.532,-2.520,0.355
5:31:53.536,-2.495,0.375
5:31:53.540,-2.450,0.365
5:31:53.544,-2.505,0.390
5:31:53.548,-2.495,0.385
5:31:53.552,-2.385,0.395
5:31:53.556,-2.340,0.370
5:31:53.560,-2.340,0.390
5:31:53.564,-2.335,0.380
5:31:53.568,-2.320,0.390
5:31:53.572,-2.300,0.330
5:31:53.576,-2.295,0.350
5:31:53.580,-2.300,0.365
5:31:53.584,-2.295,0.340
5:31:53.588,-2.285,0.370
5:31:53.592,-2.305,0.375
5:31:53.596,-2.275,0.350
5:31:53.600,-2.240,0.345
5:31:53.604,-2.245,0.375
5:31:53.608,-2.270,0.345
5:31:53.612,-2.320,0.350
5:31:53.616,-2.360,0.385
5:31:53.620,-2.290,0.380
5:31:53.624,-2.320,0.435
5:31:53.628,-2.360,0.470
5:31:53.632,-2.405,0.470
5:31:53.636,-2.430,0.495
5:31:53.640,-2.475,0.540
5:31:53.644,-2.440,0.610
5:31:53.648,-2.470,0.615
5:31:53.652,-2.575,0.650
5:31:53.656,-2.585,0.700
5:31:53.660,-2.595,0.710
5:31:53.664,-2.610,0.745
5:31:53.668,-2.700,0.735
5:31:53.672,-2.730,0.785
5:31:53.676,-2.680,0.780
5:31:53.680,-2.655,0.780
5:31:53.684,-2.675,0.790
5:31:53.688,-2.680,0.795
5:31:53.692,-2.685,0.870
5:31:53.696,-2.680,0.845
5:31:53.700,-2.645,0.920
5:31:53.704,-2.635,1.000
5:31:53.708,-2.665,1.000
5:31:53.712,-2.680,1.040
5:31:53.716,-2.695,1.025
5:31:53.720,-2.665,1.035
5:31:53.724,-2.610,1.105
5:31:53.728,-2.570,1.150
5:31:53.732,-2.620,1.195
5:31:53.736,-2.680,1.220
5:31:53.740,-2.645,1.180
5:31:53.744,-2.730,1.115
5:31:53.748,-2.745,1.085
5:31:53.752,-2.755,1.115
5:31:53.756,-2.805,1.135
5:31:53.760,-2.825,1.095
5:31:53.764,-2.860,1.110
5:31:53.768,-2.895,1.115
5:31:53.772,-2.910,1.110
5:31:53.776,-2.935,1.045
5:31:53.780,-2.875,1.080
5:31:53.784,-2.880,1.040
5:31:53.788,-2.895,1.060
5:31:53.792,-2.955,1.070
5:31:53.796,-2.965,1.070
5:31:53.800,-2.970,1.045
5:31:53.804,-2.940,1.020
5:31:53.808,-2.980,0.995
5:31:53.812,-2.960,0.990
5:31:53.816,-3.010,1.000
5:31:53.820,-3.030,0.935
5:31:53.824,-2.975,0.950
5:31:53.828,-2.935,0.925
5:31:53.832,-2.960,0.925
5:31:53.836,-3.010,0.890
5:31:53.840,-3.050,0.870
5:31:53.844,-3.010,0.865
5:31:53.848,-2.990,0.845
5:31:53.852,-3.040,0.835
5:31:53.856,-3.055,0.815
5:31:53.860,-3.100,0.815
5:31:53.864,-3.050,0.775
5:31:53.868,-3.015,0.755
5:31:53.872,-3.025,0.710
5:31:53.876,-3.030,0.720
5:31:53.880,-3.050,0.730
5:31:53.884,-3.045,0.700
5:31:53.888,-3.055,0.640
5:31:53.892,-3.055,0.670
5:31:53.896,-3.130,0.685
5:31:53.900,-3.035,0.680
5:31:53.904,-3.120,0.675
5:31:53.908,-3.145,0.655
5:31:53.912,-3.120,0.655
5:31:53.916,-3.130,0.620
5:31:53.920,-3.115,0.620
5:31:53.924,-3.140,0.670
5:31:53.928,-3.110,0.655
5:31:53.932,-3.175,0.680
5:31:53.936,-3.215,0.630
5:31:53.940,-3.250,0.675
5:31:53.944,-3.260,0.690
5:31:53.948,-3.200,0.685
5:31:53.952,-3.250,0.680
5:31:53.956,-3.340,0.700
5:31:53.960,-3.375,0.690
5:31:53.964,-3.345,0.730
5:31:53.968,-3.365,0.745
5:31:53.972,-3.380,0.740
5:31:53.976,-3.345,0.755
5:31:53.980,-3.400,0.735
5:31:53.984,-3.495,0.740
5:31:53.988,-3.515,0.770
5:31:53.992,-3.480,0.775
5:31:53.996,-3.530,0.715
5:31:54.000,-3.520,0.725
5:31:54.004,-3.515,0.765
5:31:54.008,-3.535,0.745
5:31:54.012,-3.520,0.775
5:31:54.016,-3.530,0.755
5:31:54.020,-3.535,0.710
5:31:54.024,-3.510,0.645
5:31:54.028,-3.540,0.685
5:31:54.032,-3.590,0.665
5:31:54.036,-3.615,0.630
5:31:54.040,-3.620,0.650
5:31:54.044,-3.635,0.580
5:31:54.048,-3.605,0.570
5:31:54.052,-3.645,0.620
5:31:54.056,-3.625,0.610
5:31:54.060,-3.665,0.615
5:31:54.064,-3.660,0.620
5:31:54.068,-3.690,0.630
5:31:54.072,-3.635,0.605
5:31:54.076,-3.645,0.625
5:31:54.080,-3.735,0.640
5:31:54.084,-3.795,0.660
5:31:54.088,-3.785,0.630
5:31:54.092,-3.750,0.645
5:31:54.096,-3.730,0.600
5:31:54.100,-3.720,0.615
5:31:54.104,-3.715,0.625
5:31:54.108,-3.750,0.645
5:31:54.112,-3.775,0.675
5:31:54.116,-3.835,0.680
5:31:54.120,-3.820,0.670
5:31:54.124,-3.830,0.645
5:31:54.128,-3.790,0.665
5:31:54.132,-3.815,0.645
5:31:54.136,-3.840,0.660
5:31:54.140,-3.845,0.635
5:31:54.144,-3.840,0.600
5:31:54.148,-3.895,0.590
5:31:54.152,-3.915,0.640
5:31:54.156,-3.955,0.660
5:31:54.160,-4.075,0.655
5:31:54.164,-4.145,0.635
5:31:54.168,-4.125,0.670
5:31:54.172,-3.990,0.715
5:31:54.176,-3.840,0.735
5:31:54.180,-3.495,0.625
5:31:54.184,-3.405,0.515
5:31:54.188,-3.425,0.520
5:31:54.192,-3.250,0.510
5:31:54.196,-2.900,0.365
5:31:54.200,-2.710,0.235
5:31:54.204,-2.900,0.325
5:31:54.208,-3.535,0.620
5:31:54.212,-4.230,0.815
5:31:54.216,-4.580,0.370
5:31:54.220,-4.595,-0.095
5:31:54.224,-4.670,-0.395
5:31:54.228,-4.765,-0.420
5:31:54.232,-4.790,-0.320
5:31:54.236,-4.720,-0.125
5:31:54.240,-4.675,-0.035
5:31:54.244,-4.695,0.105
5:31:54.248,-4.665,0.245
5:31:54.252,-4.555,0.295
5:31:54.256,-4.370,0.255
5:31:54.260,-4.180,0.205
5:31:54.264,-4.080,0.335
5:31:54.268,-4.015,0.560
5:31:54.272,-3.895,0.625
5:31:54.276,-3.720,0.690
5:31:54.280,-3.720,0.750
5:31:54.284,-3.750,0.825
5:31:54.288,-3.770,0.790
5:31:54.292,-3.675,0.770
5:31:54.296,-3.645,0.705
5:31:54.300,-3.690,0.685
5:31:54.304,-3.700,0.655
5:31:54.308,-3.705,0.680
5:31:54.312,-3.630,0.580
5:31:54.316,-3.540,0.630
5:31:54.320,-3.570,0.685
5:31:54.324,-3.620,0.665
5:31:54.328,-3.505,0.650
5:31:54.332,-3.425,0.620
5:31:54.336,-3.445,0.620
5:31:54.340,-3.485,0.610
5:31:54.344,-3.465,0.565
5:31:54.348,-3.365,0.555
5:31:54.352,-3.345,0.575
5:31:54.356,-3.335,0.615
5:31:54.360,-3.290,0.615
5:31:54.364,-3.290,0.535
5:31:54.368,-3.235,0.540
5:31:54.372,-3.090,0.530
5:31:54.376,-3.050,0.545
5:31:54.380,-2.985,0.585
5:31:54.384,-2.910,0.585
5:31:54.388,-2.950,0.555
5:31:54.392,-2.935,0.615
5:31:54.396,-2.785,0.630
5:31:54.400,-2.680,0.680
5:31:54.404,-2.690,0.725
5:31:54.408,-2.650,0.660
5:31:54.412,-2.575,0.660
5:31:54.416,-2.510,0.710
5:31:54.420,-2.400,0.780
5:31:54.424,-2.305,0.860
5:31:54.428,-2.275,0.865
5:31:54.432,-2.310,0.805
5:31:54.436,-2.215,0.780
5:31:54.440,-2.085,0.800
5:31:54.444,-1.975,0.795
5:31:54.448,-1.940,0.860
5:31:54.452,-1.895,0.890
5:31:54.456,-1.805,0.920
5:31:54.460,-1.740,0.995
5:31:54.464,-1.735,1.040
5:31:54.468,-1.720,1.010
5:31:54.472,-1.610,0.970
5:31:54.476,-1.535,0.990
5:31:54.480,-1.470,1.040
5:31:54.484,-1.430,1.140
5:31:54.488,-1.495,1.130
5:31:54.492,-1.510,1.110
5:31:54.496,-1.480,1.105
5:31:54.500,-1.410,1.150
5:31:54.504,-1.380,1.165
5:31:54.508,-1.400,1.210
5:31:54.512,-1.435,1.210
5:31:54.516,-1.460,1.260
5:31:54.520,-1.430,1.270
5:31:54.524,-1.410,1.300
5:31:54.528,-1.445,1.335
5:31:54.532,-1.445,1.375
5:31:54.536,-1.460,1.415
5:31:54.540,-1.425,1.410
5:31:54.544,-1.435,1.460
5:31:54.548,-1.405,1.470
5:31:54.552,-1.430,1.445
5:31:54.556,-1.490,1.435
5:31:54.560,-1.480,1.375
5:31:54.564,-1.430,1.310
5:31:54.568,-1.430,1.305
5:31:54.572,-1.465,1.300
5:31:54.576,-1.500,1.325
5:31:54.580,-1.465,1.310
5:31:54.584,-1.440,1.285
5:31:54.588,-1.485,1.250
5:31:54.592,-1.500,1.225
5:31:54.596,-1.480,1.160
5:31:54.600,-1.485,1.165
5:31:54.604,-1.480,1.165
5:31:54.608,-1.460,1.155
5:31:54.612,-1.505,1.135
5:31:54.616,-1.560,1.125
5:31:54.620,-1.610,1.140
5:31:54.624,-1.595,1.090
5:31:54.628,-1.590,1.105
5:31:54.632,-1.685,1.100
5:31:54.636,-1.670,1.105
5:31:54.640,-1.740,1.045
5:31:54.644,-1.800,0.975
5:31:54.648,-1.830,0.935
5:31:54.652,-1.895,0.920
5:31:54.656,-1.955,0.910
5:31:54.660,-2.030,0.925
5:31:54.664,-2.125,0.920
5:31:54.668,-2.235,0.885
5:31:54.672,-2.330,0.840
5:31:54.676,-2.365,0.860
5:31:54.680,-2.420,0.825
5:31:54.684,-2.485,0.845
5:31:54.688,-2.525,0.805
5:31:54.692,-2.590,0.795
5:31:54.696,-2.675,0.795
5:31:54.700,-2.720,0.750
5:31:54.704,-2.735,0.775
5:31:54.708,-2.770,0.795
5:31:54.712,-2.835,0.830
5:31:54.716,-2.905,0.770
5:31:54.720,-2.875,0.765
5:31:54.724,-2.850,0.770
5:31:54.728,-2.840,0.775
5:31:54.732,-2.890,0.760
5:31:54.736,-2.900,0.760
5:31:54.740,-2.905,0.775
5:31:54.744,-2.885,0.765
5:31:54.748,-2.915,0.785
5:31:54.752,-3.010,0.750
5:31:54.756,-3.025,0.720
5:31:54.760,-2.965,0.735
5:31:54.764,-2.940,0.710
5:31:54.768,-2.975,0.750
5:31:54.772,-2.975,0.740
5:31:54.776,-3.005,0.775
5:31:54.780,-3.020,0.735
5:31:54.784,-3.015,0.750
5:31:54.788,-3.060,0.760
5:31:54.792,-3.020,0.775
5:31:54.796,-3.040,0.785
5:31:54.800,-3.055,0.790
5:31:54.804,-3.050,0.800
5:31:54.808,-3.015,0.855
5:31:54.812,-3.020,0.865
5:31:54.816,-2.995,0.860
5:31:54.820,-2.965,0.865
5:31:54.824,-2.980,0.865
5:31:54.828,-2.945,0.900
5:31:54.832,-2.935,0.865
5:31:54.836,-2.905,0.890
5:31:54.840,-2.905,0.850
5:31:54.844,-2.860,0.850
5:31:54.848,-2.855,0.800
5:31:54.852,-2.850,0.765
5:31:54.856,-2.845,0.770
5:31:54.860,-2.830,0.715
5:31:54.864,-2.800,0.685
5:31:54.868,-2.740,0.705
5:31:54.872,-2.730,0.680
5:31:54.876,-2.760,0.735
5:31:54.880,-2.710,0.705
5:31:54.884,-2.755,0.670
5:31:54.888,-2.905,0.665
5:31:54.892,-2.965,0.690
5:31:54.896,-2.930,0.725
5:31:54.900,-2.780,0.685
5:31:54.904,-2.570,0.630
5:31:54.908,-2.195,0.550
5:31:54.912,-2.045,0.440
5:31:54.916,-2.130,0.470
5:31:54.920,-1.940,0.515
5:31:54.924,-1.605,0.470
5:31:54.928,-1.680,0.600
5:31:54.932,-2.150,0.855
5:31:54.936,-2.800,1.040
5:31:54.940,-3.430,0.850
5:31:54.944,-3.670,0.130
5:31:54.948,-3.740,-0.445
5:31:54.952,-3.860,-0.805
5:31:54.956,-3.965,-0.950
5:31:54.960,-3.995,-0.845
5:31:54.964,-3.980,-0.730
5:31:54.968,-4.015,-0.620
5:31:54.972,-3.995,-0.425
5:31:54.976,-3.855,-0.180
5:31:54.980,-3.600,-0.065
5:31:54.984,-3.335,0.025
5:31:54.988,-3.140,0.070
5:31:54.992,-2.995,0.305
5:31:54.996,-2.850,0.505
5:31:55.000,-2.820,0.610
5:31:55.004,-2.775,0.600
5:31:55.008,-2.765,0.625
5:31:55.012,-2.795,0.630
5:31:55.016,-2.780,0.620
5:31:55.020,-2.770,0.635
5:31:55.024,-2.775,0.665
5:31:55.028,-2.780,0.660
5:31:55.032,-2.765,0.650
5:31:55.036,-2.780,0.695
5:31:55.040,-2.800,0.645
5:31:55.044,-2.800,0.655
5:31:55.048,-2.840,0.610
5:31:55.052,-2.800,0.670
5:31:55.056,-2.810,0.675
5:31:55.060,-2.810,0.665
5:31:55.064,-2.800,0.645
5:31:55.068,-2.795,0.640
5:31:55.072,-2.730,0.680
5:31:55.076,-2.690,0.725
5:31:55.080,-2.735,0.705
5:31:55.084,-2.750,0.755
5:31:55.088,-2.650,0.725
5:31:55.092,-2.640,0.710
5:31:55.096,-2.560,0.765
5:31:55.100,-2.580,0.810
5:31:55.104,-2.535,0.825
5:31:55.108,-2.475,0.845
5:31:55.112,-2.460,0.840
5:31:55.116,-2.405,0.815
5:31:55.120,-2.335,0.795
5:31:55.124,-2.305,0.775
5:31:55.128,-2.270,0.770
5:31:55.132,-2.210,0.780
5:31:55.136,-2.150,0.810
5:31:55.140,-2.125,0.775
5:31:55.144,-2.080,0.835
5:31:55.148,-2.080,0.825
5:31:55.152,-2.000,0.810
5:31:55.156,-1.970,0.825
5:31:55.160,-1.970,0.845
5:31:55.164,-1.965,0.855
5:31:55.168,-1.890,0.870
5:31:55.172,-1.865,0.915
5:31:55.176,-1.840,0.930
5:31:55.180,-1.825,0.960
5:31:55.184,-1.830,0.960
5:31:55.188,-1.800,0.960
5:31:55.192,-1.795,1.030
5:31:55.196,-1.730,1.005
5:31:55.200,-1.715,1.085
5:31:55.204,-1.775,1.065
5:31:55.208,-1.750,1.120
5:31:55.212,-1.755,1.140
5:31:55.216,-1.765,1.145
5:31:55.220,-1.790,1.200
5:31:55.224,-1.820,1.205
5:31:55.228,-1.890,1.200
5:31:55.232,-1.905,1.215
5:31:55.236,-1.925,1.200
5:31:55.240,-1.995,1.175
5:31:55.244,-2.035,1.230
5:31:55.248,-2.020,1.235
5:31:55.252,-2.040,1.270
5:31:55.256,-2.060,1.240
5:31:55.260,-2.070,1.270
5:31:55.264,-2.120,1.245
5:31:55.268,-2.130,1.225
5:31:55.272,-2.120,1.250
5:31:55.276,-2.150,1.245
5:31:55.280,-2.185,1.225
5:31:55.284,-2.175,1.235
5:31:55.288,-2.180,1.240
5:31:55.292,-2.180,1.185
5:31:55.296,-2.170,1.150
5:31:55.300,-2.190,1.140
5:31:55.304,-2.245,1.095
5:31:55.308,-2.165,1.150
5:31:55.312,-2.100,1.125
5:31:55.316,-2.080,1.120
5:31:55.320,-2.140,1.095
5:31:55.324,-2.160,1.060
5:31:55.328,-2.135,1.055
5:31:55.332,-2.100,1.005
5:31:55.336,-2.025,1.015
5:31:55.340,-1.985,1.020
5:31:55.344,-2.010,1.015
5:31:55.348,-2.000,1.020
5:31:55.352,-1.905,0.990
5:31:55.356,-1.860,0.880
5:31:55.360,-1.835,0.890
5:31:55.364,-1.740,0.970
5:31:55.368,-1.705,0.970
5:31:55.372,-1.670,0.980
5:31:55.376,-1.660,1.030
5:31:55.380,-1.635,1.045
5:31:55.384,-1.625,1.035
5:31:55.388,-1.600,1.055
5:31:55.392,-1.535,1.065
5:31:55.396,-1.520,1.000
5:31:55.400,-1.530,0.945
5:31:55.404,-1.440,0.860
5:31:55.408,-1.465,0.855
5:31:55.412,-1.505,0.870
5:31:55.416,-1.465,0.880
5:31:55.420,-1.420,0.855
5:31:55.424,-1.410,0.810
5:31:55.428,-1.405,0.790
5:31:55.432,-1.335,0.810
5:31:55.436,-1.305,0.770
5:31:55.440,-1.305,0.710
5:31:55.444,-1.265,0.735
5:31:55.448,-1.210,0.770
5:31:55.452,-1.130,0.750
5:31:55.456,-1.135,0.725
5:31:55.460,-1.120,0.745
5:31:55.464,-1.090,0.755
5:31:55.468,-1.045,0.740
5:31:55.472,-1.055,0.725
5:31:55.476,-1.020,0.655
5:31:55.480,-0.965,0.680
5:31:55.484,-0.905,0.700
5:31:55.488,-0.875,0.690
5:31:55.492,-0.850,0.720
5:31:55.496,-0.785,0.705
5:31:55.500,-0.725,0.705
5:31:55.504,-0.700,0.685
5:31:55.508,-0.695,0.660
5:31:55.512,-0.700,0.650
5:31:55.516,-0.640,0.705
5:31:55.520,-0.605,0.685
5:31:55.524,-0.570,0.665
5:31:55.528,-0.510,0.665
5:31:55.532,-0.485,0.665
5:31:55.536,-0.415,0.690
5:31:55.540,-0.360,0.680
5:31:55.544,-0.340,0.725
5:31:55.548,-0.305,0.635
5:31:55.552,-0.290,0.665
5:31:55.556,-0.295,0.720
5:31:55.560,-0.215,0.710
5:31:55.564,-0.175,0.690
5:31:55.568,-0.185,0.670
5:31:55.572,-0.125,0.655
5:31:55.576,-0.070,0.675
5:31:55.580,-0.045,0.740
5:31:55.584,-0.010,0.750
5:31:55.588,-0.010,0.775
5:31:55.592,-0.100,0.765
5:31:55.596,-0.155,0.715
5:31:55.600,-0.105,0.705
5:31:55.604,0.055,0.650
5:31:55.608,0.280,0.590
5:31:55.612,0.545,0.550
5:31:55.616,0.720,0.425
5:31:55.620,0.600,0.420
5:31:55.624,0.620,0.545
5:31:55.628,0.880,0.570
5:31:55.632,0.860,0.720
5:31:55.636,0.450,1.085
5:31:55.640,0.070,1.470
5:31:55.644,-0.215,1.490
5:31:55.648,-0.375,0.825
5:31:55.652,-0.515,0.065
5:31:55.656,-0.675,-0.310
5:31:55.660,-0.710,-0.385
5:31:55.664,-0.725,-0.330
5:31:55.668,-0.750,-0.180
5:31:55.672,-0.805,-0.005
5:31:55.676,-0.670,0.190
5:31:55.680,-0.445,0.315
5:31:55.684,-0.180,0.265
5:31:55.688,0.065,0.210
5:31:55.692,0.235,0.195
5:31:55.696,0.330,0.385
5:31:55.700,0.410,0.530
5:31:55.704,0.480,0.550
5:31:55.708,0.520,0.625
5:31:55.712,0.540,0.600
5:31:55.716,0.520,0.575
5:31:55.720,0.540,0.545
5:31:55.724,0.520,0.530
5:31:55.728,0.590,0.525
5:31:55.732,0.590,0.510
5:31:55.736,0.520,0.515
5:31:55.740,0.485,0.590
5:31:55.744,0.510,0.680
5:31:55.748,0.560,0.600
5:31:55.752,0.565,0.465
5:31:55.756,0.570,0.400
5:31:55.760,0.540,0.420
5:31:55.764,0.540,0.460
5:31:55.768,0.550,0.455
5:31:55.772,0.555,0.455
5:31:55.776,0.530,0.480
5:31:55.780,0.480,0.490
5:31:55.784,0.485,0.490
5:31:55.788,0.505,0.460
5:31:55.792,0.545,0.450
5:31:55.796,0.550,0.485
5:31:55.800,0.490,0.465
5:31:55.804,0.495,0.500
5:31:55.808,0.495,0.545
5:31:55.812,0.510,0.615
5:31:55.816,0.525,0.605
5:31:55.820,0.515,0.590
5:31:55.824,0.530,0.630
5:31:55.828,0.605,0.620
5:31:55.832,0.590,0.680
5:31:55.836,0.560,0.715
5:31:55.840,0.490,0.765
5:31:55.844,0.460,0.795
5:31:55.848,0.460,0.820
5:31:55.852,0.485,0.870
5:31:55.856,0.470,0.850
5:31:55.860,0.400,0.880
5:31:55.864,0.355,0.920
5:31:55.868,0.310,0.955
5:31:55.872,0.240,1.010
5:31:55.876,0.175,1.040
5:31:55.880,0.135,1.055
5:31:55.884,0.110,1.085
5:31:55.888,0.050,1.090
5:31:55.892,-0.040,1.120
5:31:55.896,-0.055,1.125
5:31:55.900,-0.065,1.140
5:31:55.904,-0.020,1.210
5:31:55.908,-0.120,1.260
5:31:55.912,-0.230,1.245
5:31:55.916,-0.260,1.215
5:31:55.920,-0.320,1.270
5:31:55.924,-0.320,1.220
5:31:55.928,-0.320,1.255
5:31:55.932,-0.405,1.320
5:31:55.936,-0.400,1.380
5:31:55.940,-0.440,1.385
5:31:55.944,-0.450,1.445
5:31:55.948,-0.500,1.460
5:31:55.952,-0.610,1.440
5:31:55.956,-0.705,1.415
5:31:55.960,-0.695,1.435
5:31:55.964,-0.750,1.390
5:31:55.968,-0.765,1.290
5:31:55.972,-0.830,1.295
5:31:55.976,-0.875,1.275
5:31:55.980,-0.915,1.230
5:31:55.984,-0.965,1.180
5:31:55.988,-0.960,1.140
5:31:55.992,-1.045,1.145
5:31:55.996,-1.085,1.090
5:31:56.000,-1.095,1.090
5:31:56.004,-1.095,1.050
5:31:56.008,-1.140,0.955
5:31:56.012,-1.185,0.900
5:31:56.016,-1.185,0.910
5:31:56.020,-1.210,0.885
5:31:56.024,-1.300,0.840
5:31:56.028,-1.320,0.810
5:31:56.032,-1.350,0.850
5:31:56.036,-1.340,0.830
5:31:56.040,-1.310,0.810
5:31:56.044,-1.345,0.725
5:31:56.048,-1.370,0.680
5:31:56.052,-1.380,0.675
5:31:56.056,-1.360,0.760
5:31:56.060,-1.390,0.740
5:31:56.064,-1.375,0.705
5:31:56.068,-1.390,0.690
5:31:56.072,-1.450,0.695
5:31:56.076,-1.345,0.615
5:31:56.080,-1.345,0.655
5:31:56.084,-1.305,0.670
5:31:56.088,-1.400,0.690
5:31:56.092,-1.305,0.745
5:31:56.096,-1.245,0.700
5:31:56.100,-1.270,0.710
5:31:56.104,-1.225,0.650
5:31:56.108,-1.195,0.630
5:31:56.112,-1.155,0.605
5:31:56.116,-1.130,0.615
5:31:56.120,-1.190,0.675
5:31:56.124,-1.230,0.680
5:31:56.128,-1.125,0.560
5:31:56.132,-1.055,0.565
5:31:56.136,-1.085,0.595
5:31:56.140,-1.140,0.620
5:31:56.144,-1.090,0.630
5:31:56.148,-1.005,0.620
5:31:56.152,-0.960,0.585
5:31:56.156,-1.090,0.645
5:31:56.160,-1.145,0.630
5:31:56.164,-1.015,0.525
5:31:56.168,-0.930,0.530
5:31:56.172,-0.970,0.590
5:31:56.176,-0.945,0.645
5:31:56.180,-0.900,0.600
5:31:56.184,-0.880,0.550
5:31:56.188,-0.900,0.535
5:31:56.192,-0.910,0.530
5:31:56.196,-0.920,0.545
5:31:56.200,-0.810,0.545
5:31:56.204,-0.765,0.605
5:31:56.208,-0.850,0.635
5:31:56.212,-0.795,0.575
5:31:56.216,-0.720,0.535
5:31:56.220,-0.575,0.510
5:31:56.224,-0.530,0.540
5:31:56.228,-0.580,0.580
5:31:56.232,-0.630,0.565
5:31:56.236,-0.500,0.495
5:31:56.240,-0.450,0.520
5:31:56.244,-0.380,0.600
5:31:56.248,-0.315,0.570
5:31:56.252,-0.280,0.590
5:31:56.256,-0.250,0.600
5:31:56.260,-0.210,0.560
5:31:56.264,-0.205,0.550
5:31:56.268,-0.170,0.580
5:31:56.272,-0.115,0.490
5:31:56.276,-0.020,0.445
5:31:56.280,-0.020,0.440
5:31:56.284,0.015,0.460
5:31:56.288,0.035,0.425
5:31:56.292,0.085,0.440
5:31:56.296,0.145,0.430
5:31:56.300,0.210,0.420
5:31:56.304,0.230,0.450
5:31:56.308,0.220,0.485
5:31:56.312,0.235,0.485
5:31:56.316,0.295,0.485
5:31:56.320,0.385,0.470
5:31:56.324,0.400,0.490
5:31:56.328,0.510,0.415
5:31:56.332,0.540,0.420
5:31:56.336,0.585,0.380
5:31:56.340,0.625,0.410
5:31:56.344,0.700,0.395
5:31:56.348,0.740,0.400
5:31:56.352,0.790,0.400
5:31:56.356,0.825,0.400
5:31:56.360,0.900,0.435
5:31:56.364,0.970,0.395
5:31:56.368,1.025,0.450
5:31:56.372,1.055,0.415
5:31:56.376,1.115,0.425
5:31:56.380,1.165,0.390
5:31:56.384,1.225,0.390
5:31:56.388,1.260,0.355
5:31:56.392,1.290,0.435
5:31:56.396,1.310,0.460
5:31:56.400,1.470,0.435
5:31:56.404,1.490,0.410
5:31:56.408,1.435,0.420
5:31:56.412,1.505,0.430
5:31:56.416,1.620,0.445
5:31:56.420,1.645,0.460
5:31:56.424,1.625,0.440
5:31:56.428,1.640,0.415
5:31:56.432,1.670,0.360
5:31:56.436,1.770,0.385
5:31:56.440,1.850,0.430
5:31:56.444,1.800,0.495
5:31:56.448,1.770,0.410
5:31:56.452,1.815,0.340
5:31:56.456,1.870,0.335
5:31:56.460,1.905,0.370
5:31:56.464,1.910,0.345
5:31:56.468,1.925,0.365
5:31:56.472,1.935,0.390
5:31:56.476,1.940,0.350
5:31:56.480,1.970,0.345
5:31:56.484,1.975,0.365
5:31:56.488,2.005,0.360
5:31:56.492,2.010,0.340
5:31:56.496,1.990,0.330
5:31:56.500,2.015,0.370
5:31:56.504,2.020,0.375
5:31:56.508,2.030,0.360
5:31:56.512,2.065,0.355
5:31:56.516,2.075,0.380
5:31:56.520,2.095,0.370
5:31:56.524,2.085,0.435
5:31:56.528,2.030,0.375
5:31:56.532,1.970,0.430
5:31:56.536,2.015,0.435
5:31:56.540,2.015,0.440
5:31:56.544,2.045,0.465
5:31:56.548,2.055,0.470
5:31:56.552,2.095,0.390
5:31:56.556,2.050,0.360
5:31:56.560,2.005,0.390
5:31:56.564,2.025,0.390
5:31:56.568,1.990,0.380
5:31:56.572,1.955,0.355
5:31:56.576,1.930,0.345
5:31:56.580,1.925,0.345
5:31:56.584,1.915,0.345
5:31:56.588,1.830,0.340
5:31:56.592,1.690,0.355
5:31:56.596,1.595,0.390
5:31:56.600,1.645,0.415
5:31:56.604,1.810,0.365
5:31:56.608,2.035,0.365
5:31:56.612,2.370,0.270
5:31:56.616,2.420,0.110
5:31:56.620,2.230,0.060
5:31:56.624,2.315,-0.015
5:31:56.628,2.550,-0.195
5:31:56.632,2.500,-0.195
5:31:56.636,2.000,-0.065
5:31:56.640,1.050,0.215
5:31:56.644,0.225,0.170
5:31:56.648,-0.135,-0.355
5:31:56.652,-0.245,-0.815
5:31:56.656,-0.290,-0.990
5:31:56.660,-0.300,-0.920
5:31:56.664,-0.215,-0.770
5:31:56.668,-0.190,-0.630
5:31:56.672,-0.155,-0.555
5:31:56.676,-0.045,-0.435
5:31:56.680,0.070,-0.300
5:31:56.684,0.300,-0.300
5:31:56.688,0.635,-0.340
5:31:56.692,0.950,-0.300
5:31:56.696,1.095,-0.135
5:31:56.700,1.205,0.060
5:31:56.704,1.300,0.155
5:31:56.708,1.350,0.200
5:31:56.712,1.375,0.260
5:31:56.716,1.430,0.265
5:31:56.720,1.400,0.285
5:31:56.724,1.385,0.260
5:31:56.728,1.370,0.225
5:31:56.732,1.395,0.270
5:31:56.736,1.385,0.255
5:31:56.740,1.350,0.225
5:31:56.744,1.375,0.235
5:31:56.748,1.370,0.225
5:31:56.752,1.360,0.215
5:31:56.756,1.370,0.215
5:31:56.760,1.365,0.180
5:31:56.764,1.390,0.200
5:31:56.768,1.390,0.180
5:31:56.772,1.375,0.180
5:31:56.776,1.445,0.210
5:31:56.780,1.420,0.225
5:31:56.784,1.475,0.230
5:31:56.788,1.505,0.230
5:31:56.792,1.515,0.235
5:31:56.796,1.540,0.220
5:31:56.800,1.540,0.195
5:31:56.804,1.585,0.215
5:31:56.808,1.645,0.180
5:31:56.812,1.690,0.215
5:31:56.816,1.710,0.185
5:31:56.820,1.745,0.220
5:31:56.824,1.800,0.235
5:31:56.828,1.835,0.200
5:31:56.832,1.895,0.235
5:31:56.836,1.950,0.270
5:31:56.840,2.000,0.265
5:31:56.844,2.060,0.270
5:31:56.848,2.145,0.330
5:31:56.852,2.165,0.395
5:31:56.856,2.215,0.435
5:31:56.860,2.275,0.440
5:31:56.864,2.340,0.410
5:31:56.868,2.385,0.415
5:31:56.872,2.420,0.425
5:31:56.876,2.485,0.370
5:31:56.880,2.505,0.350
5:31:56.884,2.535,0.380
5:31:56.888,2.570,0.365
5:31:56.892,2.635,0.350
5:31:56.896,2.655,0.330
5:31:56.900,2.660,0.345
5:31:56.904,2.650,0.375
5:31:56.908,2.680,0.370
5:31:56.912,2.750,0.405
5:31:56.916,2.790,0.475
5:31:56.920,2.750,0.465
5:31:56.924,2.715,0.455
5:31:56.928,2.720,0.400
5:31:56.932,2.760,0.420
5:31:56.936,2.795,0.460
5:31:56.940,2.760,0.485
5:31:56.944,2.680,0.560
5:31:56.948,2.565,0.605
5:31:56.952,2.575,0.535
5:31:56.956,2.590,0.525
5:31:56.960,2.615,0.590
5:31:56.964,2.570,0.600
5:31:56.968,2.520,0.615
5:31:56.972,2.505,0.625
5:31:56.976,2.515,0.605
5:31:56.980,2.520,0.540
5:31:56.984,2.490,0.605
5:31:56.988,2.380,0.670
5:31:56.992,2.350,0.600
5:31:56.996,2.425,0.520
5:31:57.000,2.485,0.475
5:31:57.004,2.460,0.505
5:31:57.008,2.415,0.550
5:31:57.012,2.410,0.565
5:31:57.016,2.420,0.580
5:31:57.020,2.375,0.655
5:31:57.024,2.360,0.625
5:31:57.028,2.370,0.415
5:31:57.032,2.395,0.345
5:31:57.036,2.445,0.430
5:31:57.040,2.420,0.465
5:31:57.044,2.305,0.460
5:31:57.048,2.240,0.390
5:31:57.052,2.280,0.260
5:31:57.056,2.325,0.250
5:31:57.060,2.335,0.275
5:31:57.064,2.360,0.245
5:31:57.068,2.375,0.220
5:31:57.072,2.405,0.190
5:31:57.076,2.390,0.220
5:31:57.080,2.315,0.245
5:31:57.084,2.240,0.235
5:31:57.088,2.205,0.205
5:31:57.092,2.245,0.155
5:31:57.096,2.360,0.160
5:31:57.100,2.405,0.190
5:31:57.104,2.360,0.190
5:31:57.108,2.355,0.190
5:31:57.112,2.300,0.160
5:31:57.116,2.175,0.225
5:31:57.120,2.165,0.135
5:31:57.124,2.220,-0.005
5:31:57.128,2.285,-0.005
5:31:57.132,2.315,0.010
5:31:57.136,2.340,0.075
5:31:57.140,2.350,0.140
5:31:57.144,2.390,0.125
5:31:57.148,2.500,0.185
5:31:57.152,2.635,0.220
5:31:57.156,2.695,0.285
5:31:57.160,2.675,0.355
5:31:57.164,2.650,0.315
5:31:57.168,2.645,0.235
5:31:57.172,2.610,0.230
5:31:57.176,2.565,0.305
5:31:57.180,2.535,0.340
5:31:57.184,2.520,0.355
5:31:57.188,2.485,0.425
5:31:57.192,2.490,0.460
5:31:57.196,2.525,0.380
5:31:57.200,2.515,0.395
5:31:57.204,2.490,0.425
5:31:57.208,2.495,0.475
5:31:57.212,2.470,0.455
5:31:57.216,2.440,0.360
5:31:57.220,2.430,0.360
5:31:57.224,2.415,0.280
5:31:57.228,2.360,0.230
5:31:57.232,2.360,0.355
5:31:57.236,2.375,0.295
5:31:57.240,2.410,0.315
5:31:57.244,2.485,0.305
5:31:57.248,2.495,0.345
5:31:57.252,2.480,0.315
5:31:57.256,2.340,0.365
5:31:57.260,2.225,0.275
5:31:57.264,2.195,0.170
5:31:57.268,2.155,0.135
5:31:57.272,2.115,0.230
5:31:57.276,2.150,0.330
5:31:57.280,2.270,0.385
5:31:57.284,2.545,0.295
5:31:57.288,2.900,0.010
5:31:57.292,2.945,-0.105
5:31:57.296,2.840,0.000
5:31:57.300,3.050,0.065
5:31:57.304,3.385,0.015
5:31:57.308,3.425,0.010
5:31:57.312,2.925,0.260
5:31:57.316,1.995,0.545
5:31:57.320,1.065,0.460
5:31:57.324,0.570,-0.290
5:31:57.328,0.320,-0.955
5:31:57.332,0.160,-1.200
5:31:57.336,0.105,-1.130
5:31:57.340,0.190,-1.005
5:31:57.344,0.215,-0.975
5:31:57.348,0.250,-0.890
5:31:57.352,0.355,-0.670
5:31:57.356,0.515,-0.475
5:31:57.360,0.745,-0.410
5:31:57.364,1.180,-0.390
5:31:57.368,1.580,-0.350
5:31:57.372,1.775,-0.160
5:31:57.376,1.860,0.020
5:31:57.380,2.030,0.005
5:31:57.384,2.115,0.035
5:31:57.388,2.105,0.110
5:31:57.392,2.100,0.105
5:31:57.396,2.135,0.130
5:31:57.400,2.150,0.170
5:31:57.404,2.160,0.170
5:31:57.408,2.175,0.185
5:31:57.412,2.195,0.210
5:31:57.416,2.185,0.155
5:31:57.420,2.195,0.175
5:31:57.424,2.215,0.130
5:31:57.428,2.225,0.145
5:31:57.432,2.205,0.155
5:31:57.436,2.230,0.170
5:31:57.440,2.210,0.215
5:31:57.444,2.210,0.160
5:31:57.448,2.225,0.200
5:31:57.452,2.240,0.160
5:31:57.456,2.250,0.215
5:31:57.460,2.305,0.220
5:31:57.464,2.345,0.230
5:31:57.468,2.340,0.240
5:31:57.472,2.375,0.270
5:31:57.476,2.385,0.240
5:31:57.480,2.445,0.165
5:31:57.484,2.470,0.140
5:31:57.488,2.500,0.145
5:31:57.492,2.540,0.165
5:31:57.496,2.555,0.150
5:31:57.500,2.620,0.180
5:31:57.504,2.680,0.195
5:31:57.508,2.725,0.205
5:31:57.512,2.705,0.220
5:31:57.516,2.760,0.225
5:31:57.520,2.775,0.245
5:31:57.524,2.850,0.245
5:31:57.528,2.835,0.245
5:31:57.532,2.875,0.270
5:31:57.536,2.920,0.310
5:31:57.540,2.920,0.345
5:31:57.544,2.925,0.325
5:31:57.548,2.940,0.385
5:31:57.552,2.950,0.380
5:31:57.556,2.955,0.385
5:31:57.560,2.975,0.420
5:31:57.564,3.005,0.470
5:31:57.568,3.015,0.495
5:31:57.572,3.025,0.530
5:31:57.576,3.005,0.510
5:31:57.580,2.990,0.525
5:31:57.584,3.000,0.525
5:31:57.588,2.965,0.575
5:31:57.592,2.895,0.580
5:31:57.596,2.865,0.565
5:31:57.600,2.850,0.545
5:31:57.604,2.735,0.505
5:31:57.608,2.690,0.540
5:31:57.612,2.660,0.520
5:31:57.616,2.615,0.535
5:31:57.620,2.550,0.525
5:31:57.624,2.470,0.525
5:31:57.628,2.440,0.515
5:31:57.632,2.400,0.500
5:31:57.636,2.335,0.505
5:31:57.640,2.340,0.520
5:31:57.644,2.290,0.555
5:31:57.648,2.265,0.560
5:31:57.652,2.215,0.530
5:31:57.656,2.200,0.515
5:31:57.660,2.230,0.520
5:31:57.664,2.175,0.525
5:31:57.668,2.165,0.510
5:31:57.672,2.125,0.495
5:31:57.676,2.080,0.470
5:31:57.680,2.110,0.460
5:31:57.684,2.110,0.450
5:31:57.688,2.095,0.420
5:31:57.692,2.090,0.430
5:31:57.696,2.070,0.385
5:31:57.700,2.070,0.395
5:31:57.704,2.055,0.395
5:31:57.708,2.040,0.380
5:31:57.712,2.025,0.330
5:31:57.716,2.025,0.295
5:31:57.720,2.065,0.260
5:31:57.724,2.065,0.275
5:31:57.728,2.060,0.290
5:31:57.732,2.055,0.265
5:31:57.736,2.030,0.270
5:31:57.740,2.055,0.315
5:31:57.744,2.030,0.315
5:31:57.748,2.005,0.290
5:31:57.752,1.965,0.330
5:31:57.756,1.975,0.305
5:31:57.760,2.025,0.315
5:31:57.764,2.025,0.320
5:31:57.768,2.000,0.330
5:31:57.772,2.005,0.305
5:31:57.776,2.000,0.330
5:31:57.780,2.015,0.280
5:31:57.784,2.025,0.240
5:31:57.788,2.005,0.245
5:31:57.792,1.965,0.240
5:31:57.796,1.965,0.195
5:31:57.800,1.980,0.190
5:31:57.804,1.960,0.170
5:31:57.808,1.960,0.195
5:31:57.812,1.955,0.155
5:31:57.816,1.930,0.165
5:31:57.820,1.915,0.160
5:31:57.824,1.905,0.180
5:31:57.828,1.895,0.180
5:31:57.832,1.850,0.140
5:31:57.836,1.850,0.135
5:31:57.840,1.835,0.160
5:31:57.844,1.870,0.135
5:31:57.848,1.845,0.160
5:31:57.852,1.795,0.125
5:31:57.856,1.810,0.160
5:31:57.860,1.815,0.155
5:31:57.864,1.830,0.140
5:31:57.868,1.820,0.140
5:31:57.872,1.825,0.125
5:31:57.876,1.775,0.155
5:31:57.880,1.760,0.145
5:31:57.884,1.765,0.130
5:31:57.888,1.725,0.110
5:31:57.892,1.720,0.115
5:31:57.896,1.730,0.110
5:31:57.900,1.730,0.125
5:31:57.904,1.690,0.115
5:31:57.908,1.705,0.115
5:31:57.912,1.705,0.095
5:31:57.916,1.665,0.130
5:31:57.920,1.670,0.080
5:31:57.924,1.680,0.090
5:31:57.928,1.700,0.080
5:31:57.932,1.670,0.065
5:31:57.936,1.670,0.090
5:31:57.940,1.655,0.070
5:31:57.944,1.660,0.070
5:31:57.948,1.660,0.045
5:31:57.952,1.620,0.070
5:31:57.956,1.615,0.075
5:31:57.960,1.620,0.050
5:31:57.964,1.615,0.090
5:31:57.968,1.600,0.070
5:31:57.972,1.560,0.075
5:31:57.976,1.560,0.050
5:31:57.980,1.565,0.035
5:31:57.984,1.560,0.030
5:31:57.988,1.600,0.030
5:31:57.992,1.550,0.020
5:31:57.996,1.550,-0.015
5:31:58.000,1.530,0.005
5:31:58.004,1.540,-0.005
5:31:58.008,1.555,0.030
5:31:58.012,1.550,0.000
5:31:58.016,1.585,0.045
5:31:58.020,1.575,0.055
5:31:58.024,1.545,0.075
5:31:58.028,1.480,0.105
5:31:58.032,1.360,0.080
5:31:58.036,1.350,0.080
5:31:58.040,1.395,0.135
5:31:58.044,1.545,0.080
5:31:58.048,1.775,0.015
5:31:58.052,2.035,-0.060
5:31:58.056,1.940,-0.165
5:31:58.060,1.700,-0.115
5:31:58.064,1.805,-0.070
5:31:58.068,2.115,-0.110
5:31:58.072,2.060,0.030
5:31:58.076,1.625,0.395
5:31:58.080,0.895,0.680
5:31:58.084,0.285,0.395
5:31:58.088,-0.035,-0.410
5:31:58.092,-0.215,-1.025
5:31:58.096,-0.355,-1.250
5:31:58.100,-0.380,-1.195
5:31:58.104,-0.345,-1.105
5:31:58.108,-0.350,-0.990
5:31:58.112,-0.330,-0.870
5:31:58.116,-0.200,-0.705
5:31:58.120,0.020,-0.640
5:31:58.124,0.375,-0.670
5:31:58.128,0.735,-0.640
5:31:58.132,0.990,-0.530
5:31:58.136,1.155,-0.310
5:31:58.140,1.245,-0.170
5:31:58.144,1.295,-0.115
5:31:58.148,1.335,-0.075
5:31:58.152,1.360,-0.045
5:31:58.156,1.395,-0.055
5:31:58.160,1.365,-0.025
5:31:58.164,1.360,-0.040
5:31:58.168,1.390,-0.080
5:31:58.172,1.385,-0.085
5:31:58.176,1.335,-0.105
5:31:58.180,1.365,-0.060
5:31:58.184,1.355,-0.085
5:31:58.188,1.390,-0.075
5:31:58.192,1.390,-0.105
5:31:58.196,1.380,-0.115
5:31:58.200,1.385,-0.095
5:31:58.204,1.365,-0.075
5:31:58.208,1.440,-0.085
5:31:58.212,1.440,-0.085
5:31:58.216,1.440,-0.055
5:31:58.220,1.450,-0.095
5:31:58.224,1.480,-0.055
5:31:58.228,1.495,-0.040
5:31:58.232,1.505,-0.020
5:31:58.236,1.510,-0.025
5:31:58.240,1.475,-0.020
5:31:58.244,1.520,-0.010
5:31:58.248,1.545,-0.010
5:31:58.252,1.585,0.005
5:31:58.256,1.605,-0.005
5:31:58.260,1.640,0.050
5:31:58.264,1.675,0.080
5:31:58.268,1.725,0.085
5:31:58.272,1.735,0.110
5:31:58.276,1.775,0.145
5:31:58.280,1.785,0.200
5:31:58.284,1.840,0.170
5:31:58.288,1.895,0.260
5:31:58.292,1.920,0.235
5:31:58.296,1.965,0.280
5:31:58.300,1.980,0.355
5:31:58.304,2.010,0.405
5:31:58.308,2.040,0.450
5:31:58.312,2.070,0.460
5:31:58.316,2.055,0.470
5:31:58.320,2.050,0.495
5:31:58.324,2.040,0.520
5:31:58.328,2.080,0.540
5:31:58.332,2.070,0.565
5:31:58.336,2.075,0.610
5:31:58.340,2.105,0.605
5:31:58.344,2.115,0.665
5:31:58.348,2.130,0.700
5:31:58.352,2.115,0.690
5:31:58.356,2.060,0.685
5:31:58.360,2.035,0.635
5:31:58.364,2.020,0.625
5:31:58.368,2.000,0.635
5:31:58.372,1.940,0.655
5:31:58.376,1.870,0.650
5:31:58.380,1.810,0.635
5:31:58.384,1.785,0.620
5:31:58.388,1.755,0.595
5:31:58.392,1.705,0.600
5:31:58.396,1.660,0.605
5:31:58.400,1.605,0.565
5:31:58.404,1.555,0.545
5:31:58.408,1.495,0.530
5:31:58.412,1.480,0.510
5:31:58.416,1.450,0.520
5:31:58.420,1.370,0.495
5:31:58.424,1.335,0.455
5:31:58.428,1.305,0.445
5:31:58.432,1.295,0.385
5:31:58.436,1.265,0.370
5:31:58.440,1.220,0.330
5:31:58.444,1.225,0.335
5:31:58.448,1.250,0.270
5:31:58.452,1.215,0.270
5:31:58.456,1.200,0.260
5:31:58.460,1.180,0.245
5:31:58.464,1.180,0.240
5:31:58.468,1.165,0.205
5:31:58.472,1.160,0.195
5:31:58.476,1.165,0.195
5:31:58.480,1.135,0.175
5:31:58.484,1.150,0.150
5:31:58.488,1.155,0.170
5:31:58.492,1.145,0.150
5:31:58.496,1.130,0.150
5:31:58.500,1.135,0.105
5:31:58.504,1.125,0.100
5:31:58.508,1.155,0.100
5:31:58.512,1.145,0.105
5:31:58.516,1.125,0.080
5:31:58.520,1.110,0.090
5:31:58.524,1.135,0.085
5:31:58.528,1.120,0.105
5:31:58.532,1.120,0.090
5:31:58.536,1.050,0.095
5:31:58.540,1.075,0.060
5:31:58.544,1.060,0.050
5:31:58.548,1.090,0.070
5:31:58.552,1.085,0.065
5:31:58.556,1.085,0.075
5:31:58.560,1.070,0.070
5:31:58.564,1.070,0.055
5:31:58.568,1.090,0.085
5:31:58.572,1.090,0.085
5:31:58.576,1.060,0.100
5:31:58.580,1.065,0.125
5:31:58.584,1.070,0.070
5:31:58.588,1.080,0.105
5:31:58.592,1.070,0.095
5:31:58.596,1.085,0.095
5:31:58.600,1.075,0.095
5:31:58.604,1.065,0.125
5:31:58.608,1.070,0.110
5:31:58.612,1.055,0.100
5:31:58.616,1.040,0.145
5:31:58.620,1.005,0.120
5:31:58.624,1.035,0.145
5:31:58.628,1.055,0.150
5:31:58.632,1.080,0.135
5:31:58.636,1.065,0.150
5:31:58.640,1.055,0.145
5:31:58.644,1.085,0.105
5:31:58.648,1.125,0.075
5:31:58.652,1.095,0.065
5:31:58.656,1.100,0.055
5:31:58.660,1.055,0.020
5:31:58.664,1.070,0.005
5:31:58.668,1.080,-0.005
5:31:58.672,1.065,-0.005
5:31:58.676,1.035,-0.005
5:31:58.680,1.030,0.000
5:31:58.684,1.045,-0.010
5:31:58.688,1.040,0.000
5:31:58.692,1.045,0.015
5:31:58.696,0.980,-0.040
5:31:58.700,0.985,-0.010
5:31:58.704,0.990,-0.030
5:31:58.708,0.880,-0.065
5:31:58.712,0.760,-0.045
5:31:58.716,0.720,-0.070
5:31:58.720,0.720,0.000
5:31:58.724,0.860,-0.030
5:31:58.728,1.015,-0.120
5:31:58.732,1.285,-0.210
5:31:58.736,1.410,-0.380
5:31:58.740,1.255,-0.370
5:31:58.744,1.235,-0.340
5:31:58.748,1.505,-0.430
5:31:58.752,1.570,-0.485
5:31:58.756,1.285,-0.275
5:31:58.760,0.675,0.025
5:31:58.764,-0.135,0.275
5:31:58.768,-0.655,-0.255
5:31:58.772,-0.875,-1.020
5:31:58.776,-1.000,-1.455
5:31:58.780,-1.110,-1.585
5:31:58.784,-1.095,-1.490
5:31:58.788,-1.050,-1.340
5:31:58.792,-1.055,-1.200
5:31:58.796,-0.910,-1.105
5:31:58.800,-0.705,-0.970
5:31:58.804,-0.480,-0.800
5:31:58.808,-0.090,-0.780
5:31:58.812,0.270,-0.710
5:31:58.816,0.505,-0.585
5:31:58.820,0.695,-0.375
5:31:58.824,0.820,-0.235
5:31:58.828,0.885,-0.155
5:31:58.832,0.925,-0.095
5:31:58.836,0.965,-0.095
5:31:58.840,0.955,-0.100
5:31:58.844,0.965,-0.090
5:31:58.848,0.960,-0.075
5:31:58.852,0.970,-0.050
5:31:58.856,0.965,-0.055
5:31:58.860,0.940,-0.065
5:31:58.864,0.945,-0.075
5:31:58.868,1.000,-0.085
5:31:58.872,1.035,-0.065
5:31:58.876,1.030,-0.070
5:31:58.880,1.000,-0.070
5:31:58.884,0.985,-0.050
5:31:58.888,0.940,-0.065
5:31:58.892,0.990,-0.060
5:31:58.896,1.000,-0.090
5:31:58.900,1.025,-0.075
5:31:58.904,1.015,-0.040
5:31:58.908,1.050,-0.035
5:31:58.912,1.075,-0.050
5:31:58.916,1.090,-0.075
5:31:58.920,1.080,-0.095
5:31:58.924,1.110,-0.110
5:31:58.928,1.140,-0.085
5:31:58.932,1.180,-0.110
5:31:58.936,1.165,-0.070
5:31:58.940,1.195,-0.075
5:31:58.944,1.225,-0.070
5:31:58.948,1.265,-0.070
5:31:58.952,1.285,-0.050
5:31:58.956,1.305,-0.040
5:31:58.960,1.330,-0.005
5:31:58.964,1.350,-0.005
5:31:58.968,1.380,0.000
5:31:58.972,1.415,0.020
5:31:58.976,1.445,0.050
5:31:58.980,1.455,0.030
5:31:58.984,1.440,0.080
5:31:58.988,1.440,0.080
5:31:58.992,1.465,0.100
5:31:58.996,1.465,0.095
5:31:59.000,1.450,0.100
5:31:59.004,1.440,0.125
5:31:59.008,1.445,0.105
5:31:59.012,1.470,0.190
5:31:59.016,1.485,0.155
5:31:59.020,1.475,0.220
5:31:59.024,1.415,0.240
5:31:59.028,1.430,0.255
5:31:59.032,1.420,0.275
5:31:59.036,1.360,0.305
5:31:59.040,1.325,0.275
5:31:59.044,1.265,0.315
5:31:59.048,1.230,0.330
5:31:59.052,1.175,0.315
5:31:59.056,1.110,0.330
5:31:59.060,1.055,0.320
5:31:59.064,0.980,0.325
5:31:59.068,0.935,0.320
5:31:59.072,0.925,0.325
5:31:59.076,0.900,0.355
5:31:59.080,0.860,0.350
5:31:59.084,0.830,0.315
5:31:59.088,0.790,0.375
5:31:59.092,0.785,0.325
5:31:59.096,0.780,0.305
5:31:59.100,0.770,0.330
5:31:59.104,0.715,0.280
5:31:59.108,0.715,0.325
5:31:59.112,0.745,0.315
5:31:59.116,0.710,0.290
5:31:59.120,0.715,0.265
5:31:59.124,0.720,0.290
5:31:59.128,0.700,0.290
5:31:59.132,0.710,0.310
5:31:59.136,0.685,0.290
5:31:59.140,0.720,0.235
5:31:59.144,0.680,0.230
5:31:59.148,0.720,0.255
5:31:59.152,0.705,0.215
5:31:59.156,0.715,0.240
5:31:59.160,0.675,0.255
5:31:59.164,0.685,0.210
5:31:59.168,0.675,0.185
5:31:59.172,0.660,0.180
5:31:59.176,0.625,0.220
5:31:59.180,0.660,0.205
5:31:59.184,0.625,0.180
5:31:59.188,0.670,0.210
5:31:59.192,0.705,0.185
5:31:59.196,0.680,0.185
5:31:59.200,0.660,0.130
5:31:59.204,0.635,0.075
5:31:59.208,0.655,0.040
5:31:59.212,0.635,0.040
5:31:59.216,0.655,0.030
5:31:59.220,0.630,-0.005
5:31:59.224,0.610,-0.005
5:31:59.228,0.625,-0.035
5:31:59.232,0.610,-0.025
5:31:59.236,0.610,-0.055
5:31:59.240,0.600,-0.065
5:31:59.244,0.590,-0.100
5:31:59.248,0.575,-0.070
5:31:59.252,0.575,-0.035
5:31:59.256,0.555,-0.090
5:31:59.260,0.580,-0.085
5:31:59.264,0.530,-0.085
5:31:59.268,0.530,-0.090
5:31:59.272,0.545,-0.075
5:31:59.276,0.550,-0.100
5:31:59.280,0.540,-0.110
5:31:59.284,0.495,-0.105
5:31:59.288,0.485,-0.095
5:31:59.292,0.495,-0.095
5:31:59.296,0.485,-0.110
5:31:59.300,0.475,-0.100
5:31:59.304,0.470,-0.095
5:31:59.308,0.495,-0.100
5:31:59.312,0.475,-0.115
5:31:59.316,0.490,-0.130
5:31:59.320,0.460,-0.095
5:31:59.324,0.425,-0.120
5:31:59.328,0.415,-0.100
5:31:59.332,0.470,-0.105
5:31:59.336,0.440,-0.065
5:31:59.340,0.455,-0.075
5:31:59.344,0.415,-0.135
5:31:59.348,0.350,-0.120
5:31:59.352,0.290,-0.140
5:31:59.356,0.170,-0.105
5:31:59.360,0.110,-0.120
5:31:59.364,0.165,-0.145
5:31:59.368,0.330,-0.180
5:31:59.372,0.555,-0.210
5:31:59.376,0.825,-0.345
5:31:59.380,0.835,-0.430
5:31:59.384,0.660,-0.375
5:31:59.388,0.800,-0.315
5:31:59.392,1.155,-0.370
5:31:59.396,1.135,-0.215
5:31:59.400,0.695,0.095
5:31:59.404,-0.055,0.445
5:31:59.408,-0.815,0.300
5:31:59.412,-1.210,-0.465
5:31:59.416,-1.405,-1.110
5:31:59.420,-1.515,-1.415
5:31:59.424,-1.620,-1.480
5:31:59.428,-1.605,-1.335
5:31:59.432,-1.560,-1.175
5:31:59.436,-1.530,-0.945
5:31:59.440,-1.400,-0.690
5:31:59.444,-1.155,-0.625
5:31:59.448,-0.815,-0.600
5:31:59.452,-0.485,-0.605
5:31:59.456,-0.180,-0.550
5:31:59.460,0.015,-0.360
5:31:59.464,0.130,-0.205
5:31:59.468,0.225,-0.150
5:31:59.472,0.280,-0.125
5:31:59.476,0.310,-0.095
5:31:59.480,0.310,-0.135
5:31:59.484,0.315,-0.130
5:31:59.488,0.300,-0.135
5:31:59.492,0.300,-0.155
5:31:59.496,0.280,-0.170
5:31:59.500,0.305,-0.205
5:31:59.504,0.305,-0.225
5:31:59.508,0.310,-0.210
5:31:59.512,0.335,-0.205
5:31:59.516,0.325,-0.220
5:31:59.520,0.355,-0.255
5:31:59.524,0.335,-0.255
5:31:59.528,0.310,-0.240
5:31:59.532,0.305,-0.215
5:31:59.536,0.315,-0.200
5:31:59.540,0.340,-0.190
5:31:59.544,0.345,-0.215
5:31:59.548,0.325,-0.240
5:31:59.552,0.365,-0.235
5:31:59.556,0.360,-0.225
5:31:59.560,0.370,-0.240
5:31:59.564,0.410,-0.200
5:31:59.568,0.395,-0.205
5:31:59.572,0.420,-0.195
5:31:59.576,0.405,-0.175
5:31:59.580,0.460,-0.180
5:31:59.584,0.500,-0.150
5:31:59.588,0.500,-0.115
5:31:59.592,0.540,-0.100
5:31:59.596,0.565,-0.100
5:31:59.600,0.635,-0.065
5:31:59.604,0.660,-0.075
5:31:59.608,0.665,-0.045
5:31:59.612,0.690,-0.040
5:31:59.616,0.725,-0.005
5:31:59.620,0.725,-0.005
5:31:59.624,0.740,0.030
5:31:59.628,0.750,0.040
5:31:59.632,0.785,0.120
5:31:59.636,0.815,0.100
5:31:59.640,0.810,0.100
5:31:59.644,0.795,0.140
5:31:59.648,0.795,0.160
5:31:59.652,0.835,0.190
5:31:59.656,0.850,0.210
5:31:59.660,0.795,0.235
5:31:59.664,0.835,0.265
5:31:59.668,0.810,0.255
5:31:59.672,0.760,0.280
5:31:59.676,0.750,0.335
5:31:59.680,0.750,0.310
5:31:59.684,0.745,0.335
5:31:59.688,0.690,0.355
5:31:59.692,0.655,0.325
5:31:59.696,0.630,0.360
5:31:59.700,0.595,0.350
5:31:59.704,0.545,0.390
5:31:59.708,0.530,0.395
5:31:59.712,0.515,0.395
5:31:59.716,0.470,0.370
5:31:59.720,0.445,0.385
5:31:59.724,0.390,0.400
5:31:59.728,0.340,0.410
5:31:59.732,0.345,0.385
5:31:59.736,0.315,0.380
5:31:59.740,0.345,0.375
5:31:59.744,0.310,0.350
5:31:59.748,0.290,0.350
5:31:59.752,0.250,0.275
5:31:59.756,0.285,0.220
5:31:59.760,0.280,0.205
5:31:59.764,0.270,0.165
5:31:59.768,0.245,0.125
5:31:59.772,0.230,0.100
5:31:59.776,0.205,0.060
5:31:59.780,0.215,0.025
5:31:59.784,0.190,-0.005
5:31:59.788,0.155,-0.035
5:31:59.792,0.160,-0.055
5:31:59.796,0.140,-0.095
5:31:59.800,0.165,-0.075
5:31:59.804,0.150,-0.100
5:31:59.808,0.140,-0.115
5:31:59.812,0.095,-0.145
5:31:59.816,0.105,-0.135
5:31:59.820,0.085,-0.155
5:31:59.824,0.090,-0.180
5:31:59.828,0.070,-0.190
5:31:59.832,0.040,-0.215
5:31:59.836,-0.010,-0.215
5:31:59.840,-0.110,-0.225
5:31:59.844,-0.160,-0.235
5:31:59.848,-0.160,-0.245
5:31:59.852,-0.090,-0.305
5:31:59.856,0.125,-0.370
5:31:59.860,0.350,-0.485
5:31:59.864,0.195,-0.590
5:31:59.868,-0.115,-0.605
5:31:59.872,-0.095,-0.640
5:31:59.876,0.000,-0.630
5:31:59.880,-0.320,-0.455
5:31:59.884,-0.760,-0.220
5:31:59.888,-1.190,-0.145
5:31:59.892,-1.580,-0.510
5:31:59.896,-1.850,-1.290
5:31:59.900,-2.095,-1.990
5:31:59.904,-2.300,-2.180
5:31:59.908,-2.425,-2.160
5:31:59.912,-2.400,-2.035
5:31:59.916,-2.330,-1.985
5:31:59.920,-2.285,-1.855
5:31:59.924,-2.175,-1.765
5:31:59.928,-1.930,-1.500
5:31:59.932,-1.610,-1.240
5:31:59.936,-1.200,-1.075
5:31:59.940,-0.790,-0.990
5:31:59.944,-0.470,-0.850
5:31:59.948,-0.290,-0.640
5:31:59.952,-0.140,-0.535
5:31:59.956,-0.095,-0.445
5:31:59.960,-0.075,-0.420
5:31:59.964,-0.020,-0.385
5:31:59.968,-0.030,-0.405
5:31:59.972,0.000,-0.420
5:31:59.976,0.005,-0.390
5:31:59.980,0.060,-0.440
5:31:59.984,0.030,-0.415
5:31:59.988,0.065,-0.420
5:31:59.992,0.055,-0.415
5:31:59.996,0.070,-0.405
